"id","STR_TO_DATE(date_time, '%m/%d/%Y')","kwh_consumed","kwh_generated","max_consumed","max_generated","min_consumed","min_generated","latitude","longitude"
825120,"2014-07-01",0.3408209959623145,0,4.18,0,0.06,0,42.872886,-73.195007
813232,"2014-07-01",0.7477792732166885,0,2.8,0,0.07,0,42.87434,-72.899558
756444,"2014-07-01",0.3064602960969048,0,1.91,0,0.08,0,42.974243,-72.52028
487686,"2014-07-01",0.831682368775235,0,2.06,0,0.07,0,42.975751,-72.523253
818433,"2014-07-01",0.046339165545087366,0,0.67,0,0,0,43.003411,-72.49355
436419,"2014-07-01",0.2915746971736195,0,3.97,0,0.07,0,43.139607,-72.501378
801019,"2014-07-01",0.19040376850605661,0,4.81,0,0.04,0,43.654734,-72.323345
841682,"2014-07-01",0.30483176312247584,0,4.22,0,0.04,0,43.656801,-72.875521
817690,"2014-07-01",0.15406460296096905,0,1.55,0,0,0,43.66173,-73.039723
838710,"2014-07-01",0.9726244952893736,0,6.04,0,0.12,0,43.678928,-72.305316
714633,"2014-07-01",0.33349932705248997,0,0.73,0,0.11,0,43.681794,-72.399531
459452,"2014-07-01",0.35364737550470926,0,3.46,0,0.14,0,43.728226,-72.297608
565434,"2014-07-01",0.3346433378196494,0,5.68,0,0,0,43.795931,-73.080353
940750,"2014-07-01",0.4370524899057863,0,0.94,0,0,0,43.968643,-73.033338
420622,"2014-07-01",0.5335935397039033,0,4.13,0,0.05,0,43.97678,-72.74933
994035,"2014-07-01",0.000013458950201884253,0,0.01,0,0,0,44.023673,-72.602183
421869,"2014-07-01",1.8739165545087442,0,6.39,0,0.46,0,44.075723,-72.820778
14831,"2014-07-01",1.2625975773889633,0,6.6,0,0.43,0,44.101831,-72.436776
926200,"2014-07-01",0.33333781965006803,0,1.86,0,0.03,0,44.111146,-72.860884
470597,"2014-07-01",0.9916958277254365,0,4.69,0,0.17,0,44.118416,-72.541726
540219,"2014-07-01",0.5442261103633901,0,1.66,0,0.24,0,44.119096,-72.541088
924353,"2014-07-01",0.026904761904762018,0,0.2,0,0,0,44.1236,-72.1126
1036951,"2014-07-01",0.01676985195154753,0,0.13,0,0.01,0,44.124929,-72.506158
872145,"2014-07-01",0.1462853297442801,0,0.72,0,0.03,0,44.124958,-72.506176
419136,"2014-07-01",1.2532705248990572,0,5.69,0,0,0,44.1385,-72.844265
418393,"2014-07-01",0.13604306864064675,0,1.87,0,0,0,44.139191,-72.844369
263734,"2014-07-01",0.45940780619111743,0,3.19,0,0,0,44.140005,-72.853086
356276,"2014-07-01",0.35939434724091573,0,3.75,0,0,0,44.140025,-72.89373
944465,"2014-07-01",1.2350874831763126,0,4.47,0,0.23,0,44.147911,-72.403111
235907,"2014-07-01",0.43445491251682355,0,1.4,0,0.11,0,44.150936,-72.490788
100358,"2014-07-01",0.6687079407806197,0,6.85,0,0.13,0,44.151163,-72.487925
494153,"2014-07-01",0.33510094212651464,0,3.56,0,0.1,0,44.151546,-72.500411
1030372,"2014-07-01",0.21749663526244994,0,1.92,0,0.02,0,44.152297,-72.492158
237393,"2014-07-01",0.6117765814266487,0,4.52,0,0.17,0,44.152663,-72.498968
626673,"2014-07-01",0.8174293405114398,0,6.12,0,0.09,0,44.153272,-72.517486
132307,"2014-07-01",0.11209959623149364,0,2.64,0,0.04,0,44.155256,-72.432188
606299,"2014-07-01",0.9561238223418501,0,6.68,0,0.04,0,44.156921,-72.455171
496382,"2014-07-01",0.005504710632570654,0,0.03,0,0,0,44.158328,-72.468691
1028886,"2014-07-01",0.9349932705248999,0,7.1,0,0.19,0,44.158751,-72.452328
823634,"2014-07-01",0.3310094212651414,0,1.72,0,0.05,0,44.166038,-72.510413
761000,"2014-07-01",0.08156123822341839,0,0.37,0,0.04,0,44.168321,-73.250829
516443,"2014-07-01",1.3614266487213993,0,7.02,0,0.21,0,44.169365,-72.57194
453508,"2014-07-01",0.516554508748317,0,3.05,0,0.23,0,44.174843,-72.493468
350332,"2014-07-01",0.3899461641991914,0,3.17,0,0.12,0,44.176306,-72.504626
412449,"2014-07-01",0.93492597577389,0,4.82,0,0,0,44.176338,-72.81385
746785,"2014-07-01",0.14777927321668843,0,1.19,0,0.06,0,44.181361,-72.496046
415421,"2014-07-01",0.4812651413189768,0,3.8,0,0,0,44.187193,-72.485256
360734,"2014-07-01",0.9441722745625837,0,5.1,0,0.11,0,44.188629,-72.639165
986053,"2014-07-15",0.12105392156862757,0,0.61,0,0,0,44.189495,-72.83675
701259,"2014-07-01",0.5272139973082097,0,4.36,0,0.12,0,44.189528,-72.482696
495639,"2014-07-01",0.11841184387617812,0,1,0,0.01,0,44.190148,-72.47432
361477,"2014-07-01",0.4312651413189768,0,3.57,0,0.11,0,44.190201,-72.638096
630388,"2014-07-01",0.7453162853297438,0,5.57,0,0.15,0,44.190516,-72.481061
72819,"2014-07-01",0.2003633916554512,0,0.57,0,0,0,44.190553,-72.839545
359991,"2014-07-01",1.2997711978465687,0,6.37,0,0.3,0,44.19068,-72.642465
631131,"2014-07-01",0.18173620457604303,0,1.64,0,0.01,0,44.190735,-72.481103
783930,"2014-07-01",0.4230686406460298,0,1.92,0,0,0,44.190841,-72.500266
791360,"2014-07-01",1.2272409152086143,0,5.13,0,0.21,0,44.190921,-72.498028
906651,"2014-07-01",0.12897711978465629,0,0.93,0,0.1,0,44.190945,-72.497536
448307,"2014-07-01",0.30413189771197857,0,4.15,0,0.05,0,44.191006,-72.492503
235164,"2014-07-01",0.002462987886944818,0,0.39,0,0,0,44.191016,-72.496358
912584,"2014-07-01",0.4415343203230151,0,4.16,0,0.02,0,44.191055,-72.500741
70556,"2014-07-01",0.4388963660834451,0,3.82,0,0.13,0,44.191296,-72.481953
1009328,"2014-07-01",0.4050471063257071,0,5.43,0,0.11,0,44.191378,-72.496338
564691,"2014-07-01",0.2608344549125163,0,1.81,0,0.05,0,44.191885,-72.655071
779472,"2014-07-01",0.5826648721399731,0,5.03,0,0.07,0,44.191926,-72.495273
74305,"2014-07-01",0.4258546433378203,0,4.4,0,0.07,0,44.192321,-72.492486
760257,"2014-07-01",0.13041722745625872,0,0.41,0,0.03,0,44.192705,-72.494853
819176,"2014-07-01",0.05244952893674261,0,0.13,0,0,0,44.192991,-72.478761
724652,"2014-07-01",0.5272543741588158,0,5.94,0,0.06,0,44.193245,-72.495655
244080,"2014-07-01",0.046742934051144526,0,0.37,0,0,0,44.194095,-72.50746
84755,"2014-07-01",0.16419919246298717,0,3.57,0,0.04,0,44.19461,-72.49913
806220,"2014-07-01",0.202543741588156,0,0.89,0,0.04,0,44.194969,-72.504544
717605,"2014-07-01",0.2845895020188419,0,2.55,0,0.02,0,44.195239,-72.458601
355533,"2014-07-01",0.11359353970390308,0,0.73,0,0,0,44.195328,-72.476846
981306,"2014-07-01",0.3828532974427997,0,4.25,0,0.08,0,44.195718,-72.495996
764715,"2014-07-01",0.18173620457604314,0,3.28,0,0,0,44.196159,-72.887028
634103,"2014-07-01",1.2017900403768496,0,8.29,0,0.2,0,44.196234,-72.499893
535018,"2014-07-01",0.4354104979811574,0,3.23,0,0.1,0,44.196348,-72.497361
228477,"2014-07-01",0.4794616419919251,0,2.97,0,0.16,0,44.196351,-72.496676
358505,"2014-07-01",0.6341453566621813,0,4.73,0,0.21,0,44.196373,-72.511588
634846,"2014-07-01",0.6272274562584121,0,5.01,0,0.01,0,44.196431,-72.499965
101844,"2014-07-01",0.7268236877523546,0,4.97,0,0.11,0,44.197701,-72.517485
950170,"2014-07-01",0.035000000000000045,0,0.11,0,0.03,0,44.197723,-72.512883
737869,"2014-07-01",0.5906998654104988,0,3.8,0,0,0,44.19778,-72.519103
774271,"2014-07-01",0.49402422611036423,0,6.23,0,0.08,0,44.197805,-72.518013
721320,"2014-07-01",0.06125,0,0.49,0,0,0,44.198178,-72.49903
616271,"2014-07-01",0.5961372812920583,0,3.84,0,0.03,0,44.19822,-72.492911
637818,"2014-07-01",0.5967698519515483,0,4.08,0,0.13,0,44.198266,-72.498396
362220,"2014-07-01",0.7305248990578733,0,4.76,0,0.23,0,44.198491,-72.632238
780958,"2014-07-01",0.4635935397039031,0,4.46,0,0.06,0,44.198546,-72.496756
996312,"2014-07-01",0.055033647375504556,0,0.17,0,0.02,0,44.198571,-72.499095
362963,"2014-07-01",0.5695020188425305,0,6.87,0,0.04,0,44.198713,-72.632885
681198,"2014-07-01",0.2533378196500674,0,1.31,0,0,0,44.198733,-72.500548
635589,"2014-07-01",1.8904037685060533,0,7.84,0,0.49,0,44.198753,-72.497551
364449,"2014-07-01",0.16274562584118402,0,1.36,0,0.03,0,44.19876,-72.632633
873631,"2014-07-01",0.30432032301480416,0,1.98,0,0.07,0,44.198876,-72.51677
943722,"2014-07-01",0.747523553162852,0,3.84,0,0,0,44.198911,-72.488531
1045604,"2014-07-01",0.15944818304172262,0,3.26,0,0,0,44.198983,-72.495361
241108,"2014-07-01",0.7994347240915214,0,4.26,0,0.22,0,44.19906,-72.52297
365935,"2014-07-01",0.018021534320322757,0,0.1,0,0.01,0,44.199211,-72.63249
365192,"2014-07-01",0.026137281292059,0,0.31,0,0.02,0,44.199301,-72.631995
101101,"2014-07-01",0.40293405114401115,0,4.33,0,0.11,0,44.199329,-72.51867
363706,"2014-07-01",0.032247644683714924,0,0.57,0,0,0,44.199841,-72.632893
815461,"2014-07-01",0.2616016150740245,0,1.42,0,0.08,0,44.200038,-72.487905
1011557,"2014-07-01",0.024845222072678367,0,0.08,0,0,0,44.20004,-72.497826
569892,"2014-07-01",1.057187079407806,0,4.45,0,0.22,0,44.20055,-72.503848
795075,"2014-07-01",0.4879138627187073,0,2.66,0,0.08,0,44.20057,-72.500236
147167,"2014-07-01",1.1474697173620467,0,5.33,0,0.15,0,44.200968,-72.510865
135279,"2014-07-01",0.6057873485868105,0,2.71,0,0.21,0,44.201986,-72.5149
359248,"2014-07-01",0.00017496635262449528,0,0.07,0,0,0,44.202261,-72.638723
935908,"2014-07-01",0.2691251682368782,0,1.14,0,0,0,44.202363,-72.501763
759416,"2014-07-18",0.3351632047477753,0,3.63,0,0,0,44.202753,-72.501841
471340,"2014-07-01",0.35056527590847947,0,4.18,0,0,0,44.203378,-72.800576
529817,"2014-07-01",0.6968506056527585,0,5.17,0,0,0,44.203879,-72.80137
768430,"2014-07-01",0.9282099596231498,0,4.71,0,0.11,0,44.204681,-72.508148
162027,"2014-07-01",0.29133456904541233,0,6.18,0,0.01,0,44.204746,-72.497828
988762,"2014-07-01",0.592745625841184,0,3.91,0,0.27,0,44.205336,-72.506146
722423,"2014-07-01",0.637335127860027,0,6.54,0,0,0,44.205535,-72.504213
469111,"2014-07-01",0.5821668909825034,0,4.35,0,0,0,44.205661,-72.491733
863972,"2014-07-01",0.1835666218034993,0,2.17,0,0.04,0,44.205663,-72.510561
896953,"2014-07-01",0.2732974427994618,0,4.55,0,0,0,44.205963,-72.499478
998446,"2014-07-01",0.023620457604306845,0,0.18,0,0,0,44.206063,-72.509086
374516,"2014-07-01",1.110403768506056,0,5.16,0,0.25,0,44.20629,-72.636064
589210,"2014-07-01",1.494333781965005,0,6.43,0,0,0,44.206846,-72.593076
816947,"2014-07-01",1.957819650067297,0,5.31,0,0.08,0,44.20689,-72.195225
1027376,"2014-07-01",0.000026917900403768505,0,0.01,0,0,0,44.20693,-72.505138
309610,"2014-07-07",0.0417166666666667,0,0.49,0,0,0,44.207068,-72.619626
990991,"2014-07-01",0.9025706594885596,0,4.67,0,0,0,44.207081,-72.512496
465396,"2014-07-01",0.3516016150740221,0,3.95,0,0,0,44.207173,-72.501753
232192,"2014-07-01",0.7570928667563929,0,4.9,0,0.23,0,44.207973,-72.639181
231449,"2014-07-01",0.12469717362045872,0,1.25,0,0.08,0,44.208026,-72.639206
563205,"2014-07-01",0.7118169582772541,0,4.41,0,0.22,0,44.208461,-72.576686
308867,"2014-07-01",1.4458008075370103,0,6.84,0,0.25,0,44.208479,-72.50952
310210,"2014-07-01",0.2767429340511439,0,3.74,0,0,0,44.208683,-72.51415
410243,"2014-07-01",1.5582099596231493,0,6.22,0,0.3,0,44.209426,-72.486724
41579,"2014-07-01",2.565450874831766,0,6.07,0,1.28,0,44.20979,-72.478995
435148,"2014-07-01",0.30395833333333444,0,4.62,0,0,0,44.210648,-72.576161
75048,"2014-07-01",0.7343203230148035,0,5.3,0,0,0,44.211195,-72.591361
734897,"2014-07-01",1.465733512786003,0,7.69,0,0.08,0,44.211823,-72.518825
75791,"2014-07-01",0.04419919246298789,0,6.03,0,0,0,44.212115,-72.589776
434405,"2014-07-01",2.1741722745625855,0,7.55,0,0,0,44.212126,-72.585228
131564,"2014-07-01",0.5731493943472404,0,4.81,0,0,0,44.212576,-72.584694
902154,"2014-07-01",0.8075908479138632,0,6.49,0,0.13,0,44.2126,-72.519
586981,"2014-07-01",0.5703499327052491,0,3.14,0,0,0,44.212908,-72.58867
475055,"2014-07-01",1.118344549125168,0,7.05,0,0,0,44.21416,-72.799801
73562,"2014-07-01",1.0811305518169576,0,4.14,0,0,0,44.214403,-72.592936
925025,"2014-07-01",1.436231493943475,0,5.66,0,0.6,0,44.214553,-72.615168
532789,"2014-07-01",0.722328398384926,0,2.99,0,0.26,0,44.215186,-72.644446
1007842,"2014-07-01",0.4748721399730817,0,5.07,0,0.12,0,44.215728,-72.556385
875860,"2014-07-01",0.5091251682368775,0,3.98,0,0.05,0,44.215934,-72.644995
238136,"2014-07-01",0.3348048452220731,0,1.49,0,0.08,0,44.216018,-73.340523
238879,"2014-07-01",0.05694481830417206,0,0.09,0,0.03,0,44.216175,-73.340184
754215,"2014-07-01",0.4347375504710634,0,3.53,0,0,0,44.216265,-72.588138
938880,"2014-07-16",0.18244791666666668,0,2.41,0,0,0,44.217255,-72.537488
744556,"2014-07-01",1.1332301480484521,0,4.97,0,0,0,44.217261,-72.602155
950362,"2014-07-01",0.8647913862718721,0,6.05,0,0.07,0,44.217363,-72.518663
128592,"2014-07-01",0.7440646029609699,0,5.72,0,0.14,0,44.218838,-72.537826
547602,"2014-07-01",0.4721803499327059,0,5.01,0,0,0,44.218934,-72.491958
127849,"2014-07-01",0.8738088829071342,0,4.23,0,0,0,44.219056,-72.603531
799533,"2014-07-01",0.8103230148048443,0,3.71,0,0.15,0,44.219645,-72.574746
348103,"2014-07-01",1.2677523553162864,0,6.49,0,0.48,0,44.220585,-72.534691
880318,"2014-07-01",0.04683714670255709,0,0.29,0,0.04,0,44.221068,-72.539413
366678,"2014-07-01",1.8066352624495268,0,6.75,0,0,0,44.22257,-72.605158
218075,"2014-07-01",0.6847375504710637,0,5.18,0,0.26,0,44.22307,-72.61462
951105,"2014-07-01",0.09960969044414611,0,0.52,0,0.02,0,44.224458,-72.792185
466139,"2014-07-01",0.08485868102288024,0,0.37,0,0.04,0,44.227185,-72.228928
498611,"2014-07-01",0.37948855989232855,0,4.4,0,0,0,44.227296,-72.787185
633360,"2014-07-01",1.8866083445491288,0,5.87,0,1.07,0,44.22827,-72.536476
614472,"2014-07-24",0.28479166666666705,0,1.26,0,0,0,44.228846,-72.61685
858028,"2014-07-01",0.5434724091520867,0,3.42,0,0.2,0,44.228903,-72.547583
342902,"2014-07-01",0.23686406460296053,0,3.1,0,0.09,0,44.228939,-72.547563
32663,"2014-07-01",0.8256527590847931,0,4.16,0,0.09,0,44.228981,-72.600083
584752,"2014-07-01",0.5942261103633918,0,3.74,0,0.28,0,44.22925,-72.60879
816204,"2014-07-01",1.225814266487214,0,3.58,0,0.2,0,44.230278,-72.603416
413192,"2014-07-01",0.5205652759084792,0,5.01,0,0.15,0,44.230695,-72.545845
299951,"2014-07-01",0.5342395693135935,0,3.72,0,0.11,0,44.231311,-72.54854
457966,"2014-07-01",0.0407402422611034,0,0.12,0,0,0,44.23151,-72.555131
368164,"2014-07-01",1.0099057873485866,0,5.16,0,0.18,0,44.23245,-72.557146
605556,"2014-07-01",1.042866756393,0,6.04,0,0.08,0,44.232555,-72.58033
739355,"2014-07-01",1.1940646029609683,0,7.61,0,0.23,0,44.233386,-72.54764
793589,"2014-07-01",0.3656393001345905,0,3.98,0,0.09,0,44.233443,-72.551041
928094,"2014-07-01",0.4916958277254385,0,5.82,0,0.07,0,44.233593,-72.558103
95900,"2014-07-01",1.908775235531629,0,5.58,0,0.7,0,44.23439,-72.554813
723909,"2014-07-01",0.31546433378196465,0,2.33,0,0,0,44.234405,-72.562248
946694,"2014-07-01",0.19637954239569344,0,2.23,0,0.03,0,44.234581,-72.561938
96643,"2014-07-01",0.8272139973082097,0,3.22,0,0.16,0,44.234823,-72.551565
440134,"2014-07-01",0.8142261103633915,0,4.46,0,0.16,0,44.235073,-72.561656
646947,"2014-07-01",1.0046837146702556,0,5.36,0,0.34,0,44.237326,-72.557951
35635,"2014-07-01",0.685141318977121,0,4.31,0,0.21,0,44.237503,-72.556526
87727,"2014-07-01",1.4769044414535668,0,5.14,0,0.41,0,44.237515,-72.554981
333986,"2014-07-01",0.0202557200538358,0,0.64,0,0,0,44.237636,-72.55519
46780,"2014-07-01",1.522368775235533,0,6.93,0,0.33,0,44.237738,-72.55856
78020,"2014-07-01",0.3353970390309561,0,3.72,0,0.02,0,44.237755,-72.565045
560976,"2014-07-01",0.33716016150740163,0,3.41,0,0.05,0,44.237788,-72.558941
93671,"2014-07-01",1.3161641991924624,0,6.39,0,0.33,0,44.237868,-72.560237
90699,"2014-07-01",0.2072812920592192,0,0.33,0,0.14,0,44.23792,-72.556246
660321,"2014-07-01",0.5367967698519513,0,3.13,0,0.08,0,44.237941,-72.556318
89956,"2014-07-01",0.11174966352624477,0,0.77,0,0.05,0,44.23796,-72.556301
905165,"2014-07-01",0.6579676985195153,0,4.21,0,0.09,0,44.23796,-72.55511
89213,"2014-07-01",0.4119784656796761,0,3.96,0,0.12,0,44.238136,-72.556846
625187,"2014-07-01",0.605545087483177,0,4.09,0,0.13,0,44.238161,-72.56374
88470,"2014-07-01",1.204037685060565,0,6.58,0,0.16,0,44.238256,-72.553594
91442,"2014-07-01",0.8749259757738908,0,4.27,0,0.21,0,44.238335,-72.558356
84012,"2014-07-01",0.25515477792732083,0,2.31,0,0.09,0,44.238403,-72.555973
94414,"2014-07-01",0.8819650067294745,0,5.86,0,0.13,0,44.238426,-72.561478
652891,"2014-07-01",1.5148990578734864,0,5.94,0,0.35,0,44.238453,-72.556813
95157,"2014-07-01",0.5952489905787346,0,5.27,0,0.21,0,44.238515,-72.561655
307381,"2014-07-01",1.2209555854643341,0,5.68,0,0.26,0,44.238575,-72.563331
728953,"2014-07-01",0.20670255720053857,0,1.7,0,0,0,44.238625,-72.554326
92185,"2014-07-01",1.0353162853297446,0,6.6,0,0.23,0,44.239056,-72.558235
305895,"2014-07-01",0.37154777927321647,0,3.75,0,0.11,0,44.239158,-72.56297
392997,"2014-07-01",0.7386810228802154,0,4.33,0,0.1,0,44.239186,-72.55788
11116,"2014-07-01",0.42615074024226085,0,1.56,0,0.12,0,44.239228,-72.56343
642489,"2014-07-01",0.6972005383580091,0,4.44,0,0.14,0,44.239268,-72.55803
672305,"2014-07-01",0.1773889636608345,0,1.47,0,0.05,0,44.239316,-72.555681
807706,"2014-07-01",0.9458546433378181,0,6.69,0,0.12,0,44.239645,-72.634588
380460,"2014-07-01",0.42604306864064556,0,4.03,0,0.1,0,44.239709,-72.555148
92928,"2014-07-01",0.31224764468371446,0,3.69,0,0.07,0,44.239828,-72.556471
305152,"2014-07-01",0.14177658142664884,0,3.79,0,0.07,0,44.240143,-72.563036
887294,"2014-07-01",1.2710767160161496,0,5.25,0,0.13,0,44.24086,-72.54173
579551,"2014-07-01",0.7266218034993259,0,5.27,0,0.13,0,44.241063,-72.591021
999189,"2014-07-01",0.7465498652291103,0,5.98,0,0.04,0,44.2412,-72.563405
540962,"2014-07-01",0.09851951547779349,0,0.37,0,0,0,44.24122,-72.594113
766944,"2014-07-01",0.06288021534320333,0,0.86,0,0,0,44.241821,-72.563655
795818,"2014-07-01",0.23594885598923268,0,1.43,0,0.09,0,44.24189,-72.559679
494896,"2014-07-01",0.4494885598923292,0,3.62,0,0,0,44.24196,-72.559977
302923,"2014-07-01",0.42401076716016145,0,1.91,0,0.12,0,44.242046,-72.558126
703488,"2014-07-01",0.2758815612382234,0,3.9,0,0.08,0,44.242118,-72.561381
304409,"2014-07-01",0.6838492597577396,0,3.11,0,0.39,0,44.242188,-72.558426
354047,"2014-07-01",0.32730820995962323,0,3.15,0,0.1,0,44.242193,-72.558621
648433,"2014-07-01",0.3844010767160158,0,2.8,0,0.1,0,44.242205,-72.558461
671180,"2014-07-01",0.4818034993270529,0,3.39,0,0.16,0,44.242233,-72.558446
303666,"2014-07-01",1.0162718707940768,0,4.03,0,0.31,0,44.242243,-72.558538
298465,"2014-07-01",0.24987886944818327,0,0.54,0,0.12,0,44.24238,-72.566336
745299,"2014-07-01",0.9929878869448198,0,8.05,0,0,0,44.242448,-72.545341
619986,"2014-07-01",0.353324360699865,0,3.12,0,0.08,0,44.242571,-72.559575
31177,"2014-07-01",0.17170928667563937,0,1.75,0,0.08,0,44.242621,-72.593333
513471,"2014-07-01",0.2161911170928669,0,1.04,0,0.06,0,44.242655,-72.560027
299208,"2014-07-01",0.6484522207267837,0,4.95,0,0.18,0,44.242659,-72.562478
297722,"2014-07-01",0.9249125168236885,0,3.21,0,0.15,0,44.24301,-72.565011
300694,"2014-07-01",0.796433378196501,0,3.87,0,0.13,0,44.24306,-72.56454
796561,"2014-07-01",0.3363122476446834,0,3.35,0,0.12,0,44.243086,-72.558946
750500,"2014-07-01",0.5860430686406464,0,5.7,0,0.1,0,44.243348,-72.563706
523873,"2014-07-01",1.0589502018842527,0,5.57,0,0.1,0,44.243398,-72.559332
852084,"2014-07-01",0.732691790040377,0,4.49,0,0.06,0,44.243526,-72.53241
883290,"2014-07-01",0.13620457604306835,0,3.57,0,0.02,0,44.243606,-72.567055
743070,"2014-07-01",0.9275639300134592,0.8967967698519526,5.3,5.57,0,0,44.243646,-72.560898
463910,"2014-07-01",0.7240107671601611,0,4.39,0,0,0,44.243754,-72.566306
941493,"2014-07-01",1.2754643337819653,0,5.75,0,0.47,0,44.244006,-72.530805
781701,"2014-07-01",0.7195962314939445,0,5.01,0,0.15,0,44.244046,-72.592813
445335,"2014-07-01",1.718909825033648,0,7.45,0,0.33,0,44.244098,-72.530703
129335,"2014-07-01",1.3103903095558533,0,5.07,0,0.31,0,44.24421,-72.531007
1038126,"2014-07-01",0.3383176312247654,0,3.78,0,0.02,0,44.24424,-72.593531
710918,"2014-07-01",0.9207806191117102,0,4.82,0,0.13,0,44.244276,-72.531451
769813,"2014-07-01",0.7403633916554505,0,4.42,0,0.28,0,44.244353,-72.530221
978981,"2014-07-01",1.0982637954239578,0,5.85,0,0.31,0,44.24448,-72.529853
523130,"2014-07-01",0.8970659488559912,0,5.13,0,0.07,0,44.24455,-72.565905
1047090,"2014-07-01",0.6219515477792704,0,4.91,0,0.13,0,44.244671,-72.571526
675277,"2014-07-01",0.5279811574697183,0,3.52,0,0,0,44.244827,-72.558729
191747,"2014-07-01",0.5759892328398384,0,3.15,0,0.08,0,44.244831,-72.5653
105559,"2014-07-01",1.2498923283983847,0,5.98,0,0.18,0,44.244886,-72.566221
34892,"2014-07-01",0.4692193808882908,0,3.58,0,0.17,0,44.244895,-72.567351
302180,"2014-07-01",3.5762180349932695,0,24.81,0,0.96,0,44.244968,-72.559671
517929,"2014-07-01",0.7651413189771202,0,4.03,0,0.35,0,44.24501,-72.565378
1010071,"2014-07-01",0.33993270524899005,0,2.54,0,0.06,0,44.245028,-72.58421
592925,"2014-07-01",0.40955585464333943,0,4.73,0,0.1,0,44.245046,-72.529563
109274,"2014-07-01",2.2301884253028237,0,3.52,0,0.06,0,44.245088,-72.567615
301437,"2014-07-01",0.7408882907133204,4.007362045760435,8.88,19.14,0,0,44.245173,-72.560053
942236,"2014-07-01",0.7681426648721404,0,4.74,0,0.12,0,44.245179,-72.563998
836481,"2014-07-01",0.9024899057873474,0,3.4,0,0.53,0,44.245213,-72.564738
110017,"2014-07-01",1.014199192462989,0,5.62,0,0.2,0,44.245276,-72.567353
108531,"2014-07-01",0.3921668909825031,0,3.13,0,0.15,0,44.245343,-72.567363
26719,"2014-07-01",0.8629475100942136,0,6.72,0,0.21,0,44.245354,-72.583479
191004,"2014-07-01",0.6845087483176311,0,4.47,0,0.15,0,44.245365,-72.565148
192490,"2014-07-01",1.0826379542395672,0,4.38,0,0.19,0,44.245418,-72.565726
341416,"2014-07-01",0.40310901749663547,0,3.46,0,0.08,0,44.245434,-72.584968
119676,"2014-07-01",0.7402826379542392,0,6.26,0,0.06,0,44.245445,-72.583869
1002161,"2014-07-01",0.573714670255719,0,6.11,0,0.08,0,44.245448,-72.564275
193233,"2014-07-01",0.38670255720053837,0,2.87,0,0.1,0,44.245458,-72.565796
562462,"2014-07-01",0.5994212651413191,0,4.61,0,0.22,0,44.245471,-72.558311
27462,"2014-07-01",1.162920592193811,0,6.62,0,0.19,0,44.245474,-72.583899
28205,"2014-07-01",0.44123822341857294,0,3.32,0,0.11,0,44.245475,-72.583825
124877,"2014-07-01",0.6133109017496633,0,5.66,0,0.11,0,44.24564,-72.584528
387890,"2014-07-01",0.3784118438761777,0,2.93,0,0.11,0,44.245665,-72.584594
651405,"2014-07-01",1.0343876177658133,0,5.64,0,0.15,0,44.245704,-72.56765
549088,"2014-07-01",0.4646298788694475,0,6.14,0,0,0,44.245738,-72.56544
925768,"2014-07-14",0.09312499999999997,0,0.64,0,0,0,44.245785,-72.582591
24490,"2014-07-01",0.3760094212651393,0,6.18,0,0.04,0,44.245786,-72.581561
893981,"2014-07-01",0.5071601615074026,0,3.34,0,0.05,0,44.24579,-72.550016
1008585,"2014-07-01",0.41283983849259653,0,3.32,0,0.13,0,44.245816,-72.582523
711661,"2014-07-01",0.3937550471063264,0,4.31,0,0.1,0,44.245818,-72.569025
761743,"2014-07-01",0.6548317631224758,0,3.96,0,0.17,0,44.245824,-72.55009
515700,"2014-07-01",0.5920457604306857,0,6.75,0,0.12,0,44.245833,-72.566006
25233,"2014-07-01",0.22958950201884262,0,3.55,0,0.03,0,44.245854,-72.582068
28948,"2014-07-01",0.3105518169582767,0,3.16,0,0.11,0,44.245865,-72.585129
104816,"2014-07-01",1.6811440107671618,0,7.82,0,0.31,0,44.245878,-72.566946
543191,"2014-07-01",0.26380888290713317,0,3.37,0,0.08,0,44.245915,-72.567855
1046347,"2014-07-01",0.12137281292059217,0,0.89,0,0.03,0,44.245926,-72.582128
556518,"2014-07-01",0.421386271870794,0,3.99,0,0.09,0,44.246013,-72.56888
740841,"2014-07-01",0.3274831763122475,0,3.18,0,0.01,0,44.246078,-72.581236
732668,"2014-07-01",0.08106325706594864,0,0.65,0,0.01,0,44.246115,-72.55012
77277,"2014-07-01",0.5472947510094217,0,7.03,0,0.1,0,44.246125,-72.585296
486200,"2014-07-01",0.7135127860026877,0,6.44,0,0.08,0,44.246137,-72.581237
737126,"2014-07-01",0.68907133243607,0,4.86,0,0.12,0,44.246156,-72.567273
440877,"2014-07-01",0.3488290713324362,0,1.67,0,0.1,0,44.246196,-72.549944
1014745,"2014-07-01",0.5037954239569308,0,3.38,0,0.16,0,44.246241,-72.585911
107045,"2014-07-01",0.49592193808882895,0,5.64,0,0.1,0,44.24626,-72.569065
914094,"2014-07-01",0.7374697173620465,0,4.45,0,0.2,0,44.246266,-72.565733
104073,"2014-07-01",0.37476446837146626,0,2.47,0,0.15,0,44.246311,-72.567411
859514,"2014-07-01",1.0669313593539689,0,6.69,0,0.11,0,44.246374,-72.579714
30434,"2014-07-01",0.8799057873485858,0,5.01,0,0.14,0,44.246485,-72.585868
419879,"2014-07-01",1.3802018842530288,0,4.72,0,0.31,0,44.246496,-72.580298
689371,"2014-07-01",0.6758950201884248,0,4.28,0,0.12,0,44.246529,-72.568143
123391,"2014-07-01",0.5146433378196493,0,4.3,0,0.17,0,44.246531,-72.580225
161284,"2014-07-01",0.28358008075370184,0,2.17,0,0.07,0,44.24664,-72.568233
29691,"2014-07-01",0.49999327052489945,0,4.57,0,0.09,0,44.246669,-72.584906
673048,"2014-07-01",0.5210026917900427,0,5.1,0,0.06,0,44.246688,-72.567238
106302,"2014-07-01",1.2054912516823661,0,6.55,0,0.29,0,44.246708,-72.569641
190261,"2014-07-01",0.9404306864064595,0,5.62,0,0.3,0,44.246719,-72.563661
130078,"2014-07-01",0.6635262449528929,0,3.88,0,0.15,0,44.24678,-72.52495
622215,"2014-07-01",0.45189771197846523,0,3.58,0,0.05,0,44.246783,-72.563973
124134,"2014-07-01",0.2564737550471065,0,2.66,0,0.09,0,44.246805,-72.57983
122648,"2014-07-01",0.34885598923284,0,2.22,0,0.1,0,44.246821,-72.585809
193976,"2014-07-01",1.846769851951551,0,7.38,0,0.34,0,44.246858,-72.56594
786159,"2014-07-01",0.2666621803499314,0,3.6,0,0.11,0,44.246946,-72.585684
381203,"2014-07-01",0.34465679676985267,0,3.09,0,0.1,0,44.247031,-72.58008
891752,"2014-07-01",0.4113728129205922,0,4.36,0,0.03,0,44.247079,-72.582191
189518,"2014-07-01",0.8068371467025577,0,3.69,0,0.21,0,44.247093,-72.563146
570635,"2014-07-01",0.3383580080753742,0,4.47,0,0.08,0,44.247206,-72.582045
371136,"2014-07-01",0.987442799461641,0,5.13,0,0.23,0,44.24729,-72.566481
188775,"2014-07-01",1.1071601615074012,0,5.92,0,0.22,0,44.247356,-72.563031
103330,"2014-07-01",0.4841722745625845,0,4.57,0,0.05,0,44.247373,-72.567615
351818,"2014-07-01",0.7960430686406463,0,6.18,0,0.15,0,44.247488,-72.58278
117447,"2014-07-01",0.9175773889636616,0,6.15,0,0.13,0,44.247526,-72.580018
600355,"2014-07-01",0.18516823687752354,0,4,0,0.04,0,44.247534,-72.568179
652148,"2014-07-01",0.7299730820995971,0,7.27,0,0.3,0,44.247536,-72.582265
848369,"2014-07-01",1.1167967698519536,0,5.31,0,0.28,0,44.247555,-72.566233
118190,"2014-07-01",0.8486810228802137,0,4.74,0,0.2,0,44.24762,-72.580286
989505,"2014-07-01",1.0844145356662163,0,5.84,0,0.15,0,44.24764,-72.567875
840196,"2014-07-01",0.8866621803499319,0,5.71,0,0.13,0,44.247661,-72.585105
194719,"2014-07-01",0.6109690444145364,0,5.25,0,0.14,0,44.247741,-72.567209
21518,"2014-07-01",0.5764199192462989,0,4.24,0,0.1,0,44.247782,-72.583158
757187,"2014-07-01",1.0570659488559873,0,6.22,0,0.11,0,44.247785,-72.583171
22261,"2014-07-01",0.563465679676993,0,5.39,0,0.06,0,44.247875,-72.58268
537247,"2014-07-01",1.5355047106325674,0,6.58,0,0.29,0,44.247953,-72.583623
888037,"2014-07-01",0.48289367429340474,0,4.51,0,0.02,0,44.248004,-72.582579
493410,"2014-07-01",0.9788290713324352,0,3.99,0,0.31,0,44.24801,-72.567291
720577,"2014-07-01",0.5282625718830196,0,3.81,0,0,0,44.248131,-72.569122
798790,"2014-07-01",0.8580349932705222,0,5.62,0,0.23,0,44.248165,-72.579898
644718,"2014-07-01",0.28558546433378224,0,1.45,0,0.1,0,44.248266,-72.580806
561719,"2014-07-01",0.9404576043068611,0,4.6,0,0.25,0,44.248463,-72.58131
1020689,"2014-07-01",0.6495558546433379,0,5.46,0,0.12,0,44.248521,-72.583868
115218,"2014-07-01",0.08213997308209933,0,0.48,0,0,0,44.248654,-72.582941
188032,"2014-07-01",0.32710632570659454,0,4.45,0,0.06,0,44.24869,-72.559735
86241,"2014-07-01",0.4057873485868099,0,6.02,0,0.16,0,44.248705,-72.557335
116704,"2014-07-01",0.7556931359353977,0,5.15,0,0.08,0,44.248798,-72.579528
834252,"2014-07-01",0.5907806191117091,0,3.79,0,0.13,0,44.248801,-72.762556
110760,"2014-07-01",0.25424495289367655,0,2.07,0,0.05,0,44.248826,-72.565398
236650,"2014-07-01",1.4149394347240918,0,5.77,0,0.44,0,44.248833,-72.583565
118933,"2014-07-01",0.9810901749663525,0,4.77,0,0.37,0,44.248863,-72.582256
187289,"2014-07-01",1.2496231493943464,0,5.47,0,0.16,0,44.248893,-72.559593
195462,"2014-07-01",0.3230955585464329,0,1.52,0,0.08,0,44.248918,-72.567605
1031115,"2014-07-01",0.32561238223418554,0,3.11,0,0,0,44.248991,-72.562216
1015488,"2014-07-01",0.33240915208613675,0,1.96,0,0.04,0,44.249155,-72.561551
469854,"2014-07-01",0.5622611036339171,0,4.99,0,0.08,0,44.249159,-72.566638
656606,"2014-07-01",0.9546971736204578,0,6.72,0,0.14,0,44.249161,-72.582315
102587,"2014-07-01",1.3043741588156135,0,6.23,0,0.7,0,44.24917,-72.569303
995521,"2014-07-30",0.5052083333333334,0,2.98,0,0.08,0,44.249193,-72.560621
196948,"2014-07-01",0.16516823687752327,0,0.41,0,0.06,0,44.249231,-72.566648
699030,"2014-07-01",0.25029609690444105,0,1.88,0,0,0,44.249255,-72.55909
738612,"2014-07-01",0.8140915208613732,0,5.09,0,0.39,0,44.249276,-72.569341
751243,"2014-07-01",0.4092541498429722,0,3.5,0,0,0,44.249277,-72.570283
85498,"2014-07-01",0.4403230148048455,0,3.3,0,0.13,0,44.24929,-72.557505
907394,"2014-07-01",0.40119737350328444,0,2.78,0,0,0,44.249302,-72.570305
196205,"2014-07-01",0.5336742934051145,0,4.59,0,0.1,0,44.249411,-72.567458
248874,"2014-07-01",0.8008613728129208,0,5.06,0,0.31,0,44.249475,-72.5586
555032,"2014-07-01",0.40122476446837047,0,6.83,0,0,0,44.249506,-72.569632
699773,"2014-07-01",1.0504576043068656,0,4.4,0,0.01,0,44.249531,-72.559076
641003,"2014-07-01",1.3499057873485858,0,7.11,0,0.12,0,44.249539,-72.55904
945951,"2014-07-01",0.41597577388963647,0,7.59,0,0.09,0,44.249605,-72.558055
697544,"2014-07-01",0.8955047106325694,0,4.87,0,0.11,0,44.249629,-72.569613
813975,"2014-07-01",0.6787617765814274,0,4.25,0,0.05,0,44.249635,-72.556653
348846,"2014-07-01",0.9743472409152094,0,4.86,0,0.22,0,44.249688,-72.57235
115961,"2014-07-01",0.40087483176312233,0,6.82,0,0.07,0,44.250003,-72.580173
612243,"2014-07-01",0.1300538358008077,0,2.41,0,0.01,0,44.25027,-72.582341
948180,"2014-07-01",0.5248183041722728,0,5,0,0.42,0,44.250851,-72.570358
676763,"2014-07-01",1.0444952893674317,0,6.17,0,0.51,0,44.251005,-72.580819
114475,"2014-07-01",0.48006729475100934,0.4461776581426646,3.84,2.03,0.07,0,44.251082,-72.581557
628902,"2014-07-01",0.49908479138627165,0,2.84,0,0.13,0,44.251115,-72.57135
949666,"2014-07-11",0.23702380952380908,0,3.11,0,0,0,44.251131,-72.571253
125620,"2014-07-01",0.7671601615074026,0,4.36,0,0.19,0,44.251383,-72.583721
410986,"2014-07-01",0.20088789237668062,0,1.98,0,0.03,0,44.251406,-72.580541
113732,"2014-07-01",0.1925504710632569,0,1.6,0,0.04,0,44.251453,-72.581312
441620,"2014-07-01",0.1948990578734857,0,1.84,0,0.06,0,44.251453,-72.580473
846140,"2014-07-01",0.21006729475100924,0,0.92,0,0.02,0,44.251496,-72.567013
148653,"2014-07-01",0.16792732166891006,0,0.51,0,0.05,0,44.251531,-72.567196
730439,"2014-07-01",0.39399730820995893,0,1.12,0,0.13,0,44.251553,-72.567265
792103,"2014-07-01",0.18075370121130568,0,1.61,0,0.09,0,44.251585,-72.567615
120419,"2014-07-01",0.4867294751009413,0,4.31,0,0.1,0,44.251638,-72.58255
121905,"2014-07-01",0.5870524899057874,0,3.54,0,0.12,0,44.251716,-72.582696
121162,"2014-07-01",1.395181695827726,0,6.13,0,0.42,0,44.251823,-72.582658
643975,"2014-07-01",0.5102557200538359,0,3.87,0,0.05,0,44.251929,-72.572785
569149,"2014-07-01",0.3798115746971746,0,4.56,0,0,0,44.252141,-72.572102
86984,"2014-07-01",0.9170524899057813,0,4.68,0,0.26,0,44.252253,-72.583494
695315,"2014-07-01",0.8634185733512777,0,3.94,0,0.22,0,44.252258,-72.568651
972989,"2014-07-01",0.5490174966352611,0,4.7,0,0.04,0,44.252275,-72.568871
694572,"2014-07-01",0.7780215343203231,0,5.25,0,0.17,0,44.252291,-72.568751
466882,"2014-07-01",0.5902018842530312,0,5.7,0,0.04,0,44.25241,-72.567809
670413,"2014-07-01",0.12572005383580154,0,0.67,0,0.02,0,44.252481,-72.580916
875117,"2014-07-01",0.5314804845222071,0,5.65,0,0.1,0,44.25254,-72.582108
232935,"2014-07-01",0.8821332436070032,0,5.09,0,0.15,0,44.252546,-72.751899
346617,"2014-07-01",0.044791386271870806,0,0.71,0,0,0,44.252558,-73.278105
1010814,"2014-07-01",0.42546433378196585,0,7.08,0,0.05,0,44.25257,-72.568553
508270,"2014-07-01",0.17516823687752406,0,0.47,0,0.1,0,44.252579,-72.569469
607042,"2014-07-01",0.5773216689098233,0,7.92,0,0.08,0,44.252636,-72.567048
411706,"2014-07-01",0.7310767160161505,0,1.6,0,0.47,0,44.252736,-72.580356
99615,"2014-07-01",0.16698519515477758,0,1.53,0,0.04,0,44.25279,-72.572525
182088,"2014-07-01",0.9915612382234189,0,4.73,0,0.25,0,44.252808,-72.567418
646204,"2014-07-01",0.6815746971736211,0,5.76,0,0.16,0,44.252815,-72.746641
186546,"2014-07-01",0.4738358008075368,0,4.5,0,0.07,0,44.252853,-72.568816
181345,"2014-07-01",0.19114401076715978,0,3.41,0,0.06,0,44.252886,-72.566904
68327,"2014-07-01",0.5306729475100955,0,4.11,0,0.07,0,44.25293,-72.581866
416907,"2014-07-01",0.5357200538358015,0,4.68,0,0.15,0,44.252943,-72.582421
126363,"2014-07-01",0.08119784656796776,0,2.53,0,0,0,44.252948,-72.58308
747528,"2014-07-01",0.23795423956931352,0,3.21,0,0.07,0,44.252953,-72.573325
840939,"2014-07-01",0.6977792732166893,0,4.36,0,0.22,0,44.252986,-72.568911
180602,"2014-07-01",0.8905652759084773,0,4.55,0,0.14,0,44.253016,-72.567651
490658,"2014-07-01",0.2251682368775231,0,2,0,0.06,0,44.253061,-72.570301
766201,"2014-07-01",0.1736742934051144,0,3.84,0,0.01,0,44.253125,-72.569303
527588,"2014-07-01",0.17718034993270537,0,2.51,0,0,0,44.253146,-72.570083
438648,"2014-07-01",1.3616150740242277,0,6.16,0,0.29,0,44.253156,-72.573088
179859,"2014-07-01",1.404118438761778,0,7.61,0,0.27,0,44.253175,-72.567291
707946,"2014-07-01",0.596985195154778,0,4.77,0,0.16,0,44.253203,-72.57017
888780,"2014-07-01",0.13467025572005376,0,1.95,0,0.01,0,44.253205,-72.569653
772785,"2014-07-01",0.5500807537012096,0,4.7,0,0.13,0,44.253281,-72.567881
71299,"2014-07-01",0.37276073619631916,0,2.42,0,0.05,0,44.253285,-72.569666
713890,"2014-07-01",0.3009152086137289,0,0.98,0,0.1,0,44.253331,-72.569768
185060,"2014-07-01",0.478304172274563,0,3.87,0,0.17,0,44.25339,-72.565883
141966,"2014-07-01",0.208492597577389,0,0.9,0,0.05,0,44.253398,-72.57034
229963,"2014-07-01",0.18643337819650088,0,0.88,0,0.1,0,44.253411,-72.570156
423355,"2014-07-01",0.7384522207267837,0,4.77,0,0.04,0,44.253462,-72.568584
347360,"2014-07-01",2.1972274562584153,0,6.69,0,0,0,44.253463,-73.280545
144938,"2014-07-01",0.4865679676985195,0,2.6,0,0.16,0,44.253505,-72.568396
452022,"2014-07-01",0.7691520861372804,0,4.62,0,0.12,0,44.253543,-72.566715
972246,"2014-07-01",0.09822341857335115,0,0.9,0,0.01,0,44.253551,-72.570075
661064,"2014-07-01",0.36752355316285346,0,3.06,0,0.06,0,44.253598,-72.575998
517186,"2014-07-01",0.305262449528937,0,1.29,0,0.06,0,44.253601,-72.568826
710175,"2014-07-01",0.2689502018842532,0,1.48,0,0.09,0,44.25361,-72.570251
216589,"2014-07-01",1.0158681022880223,0,3.17,0,0,0,44.253645,-72.541646
528331,"2014-07-01",0.7314670255720085,0,4.83,0,0.16,0,44.253646,-72.570143
111503,"2014-07-01",0.43241991924630035,0,2.84,0,0,0,44.253886,-72.570633
145681,"2014-07-01",0.7715679676985198,0,5.81,0,0.07,0,44.253894,-72.568463
127106,"2014-07-01",2.0724764468371455,0,7.52,0,0.65,0,44.253901,-72.583975
603327,"2014-07-01",0.5977254374158815,0,4.81,0,0.11,0,44.25394,-72.569309
903679,"2014-07-01",0.2143741588156121,0,2.45,0,0.06,0,44.253978,-72.570708
78763,"2014-07-01",0.31337819650067267,0,1.03,0,0.13,0,44.253998,-72.574851
98872,"2014-07-01",1.351924629878868,0,6.65,0,0.35,0,44.254018,-72.573938
922867,"2014-07-01",0.5280215343203231,0,3.25,0,0,0,44.254018,-72.569455
183574,"2014-07-01",0.44577388963660786,0,1.08,0,0.24,0,44.254018,-72.566656
81735,"2014-07-01",0.6072983870967735,0,5.54,0,0.05,0,44.254044,-72.576311
885472,"2014-07-01",0.1560119047619047,0,2.61,0,0,0,44.254115,-72.568168
414678,"2014-07-01",1.4683580080753693,0,7.36,0,0.12,0,44.25414,-72.584402
177630,"2014-07-01",0.8003768506056484,0,3.42,0,0.5,0,44.254186,-72.567938
552060,"2014-07-01",0.4282368775235525,0,3.43,0,0.11,0,44.25421,-72.569743
140480,"2014-07-01",1.2511574697173622,0,6.98,0,0.13,0,44.254301,-72.571051
748271,"2014-07-01",0.6119650067294753,0,1.82,0,0,0,44.254333,-72.570225
23004,"2014-07-01",0.19094212651413206,0,3.97,0,0.12,0,44.254355,-72.582951
571378,"2014-07-01",0.3481695827725441,0,5.12,0,0.07,0,44.254358,-72.5753
443106,"2014-07-01",0.3083916554508728,0,3.64,0,0.01,0,44.254373,-72.570398
141223,"2014-07-01",1.955868102288012,0,7.06,0,0.34,0,44.254424,-72.571137
271907,"2014-07-01",2.302207267833111,0,7.65,0,0.7,0,44.254438,-72.574441
23747,"2014-07-01",0.2793539703903096,0,3.79,0,0.09,0,44.254464,-72.584823
501583,"2014-07-01",0.23362045760430727,0,4.42,0,0,0,44.254471,-72.571096
954077,"2014-07-01",0.1311709286675638,0,2.12,0,0,0,44.254478,-72.571183
1019203,"2014-07-01",0.11526244952893665,0,2.59,0,0,0,44.254496,-72.571166
650662,"2014-07-01",0.19471063257065965,0,3.61,0,0.07,0,44.254505,-72.570001
713147,"2014-07-01",0.44446837146702506,0,4.32,0,0.17,0,44.254554,-72.568649
850598,"2014-07-01",0.46971736204576053,0,5.25,0,0.04,0,44.254555,-72.568523
1013043,"2014-07-01",0.45648721399730907,0,4.62,0,0.11,0,44.254568,-72.571146
558004,"2014-07-01",1.2602691790040366,0,9.23,0,0.47,0,44.254573,-72.576841
79506,"2014-07-01",0.7836204576043075,0,7.91,0,0.24,0,44.254578,-72.575395
693086,"2014-07-01",0.7034185733512777,0,4.01,0,0.05,0,44.254631,-72.571504
497125,"2014-07-01",0.4789367429340511,0,5.98,0,0.01,0,44.25467,-72.569715
1041889,"2014-07-01",0.07694481830417237,0,0.56,0,0,0,44.254681,-72.579463
432176,"2014-07-01",1.4234858681022888,0,7.15,0,0.12,0,44.254686,-72.579561
979724,"2014-07-01",0.1450201884253027,0,0.95,0,0.02,0,44.254776,-72.57926
590696,"2014-07-01",1.019932705248991,0,3.85,0,0.18,0,44.254835,-72.57154
589953,"2014-07-01",0.478263795423957,0,2.08,0,0.22,0,44.254846,-72.571531
948923,"2014-07-01",0.411978465679677,0,3.24,0,0.07,0,44.254865,-72.57154
69070,"2014-07-01",0.5838492597577385,0,4.12,0,0.08,0,44.25494,-72.572368
671923,"2014-07-01",0.47740837696335114,0,6.32,0,0.03,0,44.254995,-72.569395
144195,"2014-07-01",0.5484925975773894,0,3.11,0,0.16,0,44.255073,-72.569543
827565,"2014-07-01",0.38032301480484537,0,4.8,0,0.02,0,44.255086,-72.57587
239622,"2014-07-01",0.3948855989232842,0,4.31,0,0.03,0,44.255101,-72.576871
819919,"2014-07-01",0.38036339165545346,0,3.72,0,0.02,0,44.255156,-72.57587
731925,"2014-07-01",0.35364737550471115,0,4.01,0,0.05,0,44.255283,-72.570346
151625,"2014-07-01",0.20228802153432007,0,1.58,0,0.09,0,44.255288,-72.570328
166485,"2014-07-01",0.009905787348586808,0,0.48,0,0,0,44.255366,-72.568938
610757,"2014-07-01",0.302974427994617,0,0.97,0,0.02,0,44.255426,-72.56907
773528,"2014-07-01",0.5284253028263801,0,3.64,0,0.12,0,44.255463,-72.56936
506784,"2014-07-01",0.4441184387617765,0,2.33,0,0.08,0,44.255486,-72.572759
393740,"2014-07-01",0.4300807537012113,0,1.62,0,0.06,0,44.255568,-72.569129
777986,"2014-07-01",0.2567429340511444,0,4.29,0,0.01,0,44.255573,-72.572528
736383,"2014-07-01",0.1716958277254373,0,3.17,0,0.05,0,44.255601,-72.576869
138251,"2014-07-01",0.6122207267833114,0,6.38,0,0.14,0,44.255613,-72.572598
957792,"2014-07-01",0.41372812920592184,0,3.8,0,0.04,0,44.25566,-72.573613
919152,"2014-07-01",0.37973082099596184,0,3.61,0,0.05,0,44.255686,-72.573613
624444,"2014-07-01",0.35648721399730793,0,4.03,0,0.11,0,44.255696,-72.56907
959278,"2014-07-01",0.28512786002691815,0,2.94,0,0.03,0,44.255703,-72.57322
812489,"2014-07-01",0.3853297442799461,0,2.39,0,0.07,0,44.255755,-72.573206
751986,"2014-07-01",0.3764602960969046,0,3.68,0,0.09,0,44.255801,-72.572986
552803,"2014-07-01",0.7474831763122484,0,4.85,0,0.15,0,44.255868,-72.573035
504555,"2014-07-01",0.19336473755047043,0,1.99,0,0.02,0,44.255885,-72.572633
741584,"2014-07-01",0.27203230148048435,0,2.1,0,0.07,0,44.255901,-72.573226
749014,"2014-07-01",0.35417227456258477,0,3.59,0,0.07,0,44.255908,-72.573226
678992,"2014-07-01",0.3348855989232833,0,3.37,0,0.09,0,44.255954,-72.57342
1006284,"2014-07-01",1.2100538358008075,0,6.01,0,0.05,0,44.256003,-72.572903
12602,"2014-07-01",0.8602960969044408,0,7.98,0,0.21,0,44.256067,-72.568273
637075,"2014-07-01",0.7474427994616417,0,4.12,0,0,0,44.256068,-72.54272
203635,"2014-07-01",0.3367025572005378,0,1.38,0,0.13,0,44.256069,-72.556048
529074,"2014-07-01",0.4606998654104983,0,3.51,0,0.18,0,44.256083,-72.572875
611500,"2014-07-01",0.2566756393001351,0,3.02,0,0.04,0,44.256113,-72.576979
428556,"2014-07-01",0.391631919482388,0,4.37,0,0.02,0,44.256164,-72.573068
999932,"2014-07-01",0.7726648721399737,0,4.17,0,0.14,0,44.256171,-72.573031
613729,"2014-07-01",0.39756393001345885,0,2.25,0,0.29,0,44.256203,-72.571415
780215,"2014-07-01",0.025181695827725493,0,0.28,0,0,0,44.256303,-72.576311
601098,"2014-07-01",0.6004845222072681,0,2.38,0,0.18,0,44.25632,-72.57403
685656,"2014-07-01",0.30337819650067266,0,3.44,0,0.08,0,44.256328,-72.573903
702745,"2014-07-01",0.911884253028264,0,8.93,0,0.05,0,44.256365,-72.570501
476541,"2014-07-01",1.9488963660834455,0,8.41,0,0.74,0,44.256368,-72.5678
143452,"2014-07-01",0.2576985195154777,0,1.54,0,0.07,0,44.256387,-72.565231
526102,"2014-07-01",0.484414535666218,0,4.51,0,0.1,0,44.256395,-72.568951
147910,"2014-07-01",0.6219515477792741,0,6.64,0,0.14,0,44.256406,-72.571354
157569,"2014-07-01",0.5488156123822338,0,4.59,0,0.17,0,44.25641,-72.570033
472826,"2014-07-01",1.2350605652759106,0,7.28,0,0.36,0,44.256483,-72.573
962586,"2014-07-01",0.3772812920592191,0,3.22,0,0.02,0,44.256488,-72.572066
215103,"2014-07-01",0.6157469717362046,0,3.58,0,0,0,44.256518,-72.542694
112246,"2014-07-01",0.25721399730820976,0,1.01,0,0.01,0,44.256531,-72.578811
98129,"2014-07-01",0.14681022880215266,0,0.64,0,0.05,0,44.256561,-72.577536
215846,"2014-07-01",0.36574697173620435,0,1.85,0,0,0,44.256573,-72.543446
641746,"2014-07-01",0.4672274562584116,0,5.32,0,0.17,0,44.256611,-72.569118
763972,"2014-07-01",1.2516958277254382,0,8.23,0,0.26,0,44.256638,-72.569461
483228,"2014-07-01",0.4818977119784656,0,2.56,0,0.15,0,44.25664,-72.567407
932936,"2014-07-01",0.846567967698519,0,2.9,0,0.11,0,44.256658,-72.56545
454994,"2014-07-01",0.5595020188425308,0,4.98,0,0.08,0,44.256704,-72.569451
479513,"2014-07-01",0.28956931359354016,0.5357065948855989,3.66,2.38,0,0,44.256744,-72.562356
172429,"2014-07-01",1.14300134589502,0,5.65,0,0.25,0,44.256818,-72.568151
506041,"2014-07-01",0.6392193808882907,0,4.72,0,0.13,0,44.25685,-72.574516
822891,"2014-07-01",0.9637281292059232,0,5.18,0,0.41,0,44.256888,-72.574491
935165,"2014-07-01",0.5405114401076719,0,5.52,0,0.04,0,44.256946,-72.572633
176144,"2014-07-01",1.2599730820995982,0,6.53,0,0.42,0,44.256953,-72.562483
176887,"2014-07-01",0.7105518169582768,0,4.52,0,0.24,0,44.256966,-72.561881
723166,"2014-07-01",0.6904845222072669,0,5.03,0,0.14,0,44.256975,-72.610156
291778,"2014-07-01",0.5488963660834458,0,4.23,0,0.05,0,44.257034,-72.573752
97386,"2014-07-01",0.5701076716016146,0,1.67,0,0.27,0,44.257096,-72.577483
175401,"2014-07-01",0.9201749663526239,0,3.35,0,0.17,0,44.257098,-72.563483
316154,"2014-07-01",0.3744279946164203,0,4.13,0,0.05,0,44.257148,-72.573545
706460,"2014-07-01",0.804535666218033,0,4.81,0,0.18,0,44.257168,-72.561894
250360,"2014-07-01",0.7168775235531624,0,4.49,0,0.15,0,44.257186,-72.570405
150139,"2014-07-01",1.4399327052489899,0,6.45,0,0.35,0,44.257193,-72.563528
112989,"2014-07-01",1.0464333781965003,0,4.81,0,0.26,0,44.257198,-72.572781
264477,"2014-07-01",0.7328129205921945,0,3.72,0,0.29,0,44.257211,-72.56892
136022,"2014-07-01",0.612637954239569,0,2.54,0,0.08,0,44.257333,-72.575205
826079,"2014-07-01",0.3918707940780621,0,1.74,0,0.06,0,44.257356,-72.582678
578808,"2014-07-01",0.5350471063257062,0,3.25,0,0.24,0,44.257361,-72.570829
820662,"2014-07-01",0.2973216689098249,0,3.95,0,0.08,0,44.257393,-72.5707
153111,"2014-07-01",0.31972633467922806,0,1.85,0,0.04,0,44.257419,-72.573213
666698,"2014-07-01",0.11983849259757745,0,0.79,0,0,0,44.257438,-72.575306
822148,"2014-07-01",0.16772543741588203,0,1.43,0,0.01,0,44.257438,-72.575281
174658,"2014-07-01",1.1359623149394367,0,5.68,0,0.18,0,44.257453,-72.563116
687142,"2014-07-01",0.562059219380888,0,2.89,0,0.06,0,44.25746,-72.575316
698287,"2014-07-01",0.6799327052489913,0,4.36,0,0.13,0,44.257461,-72.562971
899182,"2014-07-01",1.3001884253028273,0,4.98,0,0.69,0,44.257473,-72.573124
156083,"2014-07-01",0.3355316285329747,0,2.02,0,0.11,0,44.257495,-72.571099
1035465,"2014-07-01",1.1051413189771206,0,5.43,0,0,0,44.257568,-72.543824
170200,"2014-07-01",0.7560262449528935,0,3.83,0,0.11,0,44.257571,-72.569801
202892,"2014-07-01",1.7786675639300102,0,8.47,0,0.35,0,44.257586,-72.553436
397455,"2014-07-01",0.8572543741588164,0,3.77,0,0.18,0,44.257603,-72.575151
472083,"2014-07-01",0.20266487213997342,0,1.21,0,0.02,0,44.257619,-72.575453
884033,"2014-07-03",0.5627586206896553,0,4.47,0,0,0,44.257633,-72.575099
20032,"2014-07-01",0.5962314939434715,0,5.43,0,0.1,0,44.257648,-72.565645
212874,"2014-07-01",0.6077388963660834,0,3.94,0,0,0,44.257655,-72.551116
485457,"2014-07-01",0.37001345895020143,0,5.29,0,0.05,0,44.257671,-72.569491
623701,"2014-07-01",0.6124629878869449,0,2.41,0,0.08,0,44.257673,-72.574906
155340,"2014-07-01",0.4978465679676978,0,3.11,0,0.22,0,44.257686,-72.571469
696058,"2014-07-01",0.40472409152086103,0,1.69,0,0.14,0,44.257691,-72.57486
133793,"2014-07-01",0.37475100942126516,0,0.91,0,0.08,0,44.257693,-72.574901
658835,"2014-07-01",0.1522207267833113,0,0.33,0,0.11,0,44.257696,-72.574815
435676,"2014-07-01",0.21898384925975722,0,1,0,0.05,0,44.257705,-72.574925
134536,"2014-07-01",0.18493943472409147,0,1.03,0,0.07,0,44.25771,-72.574835
413935,"2014-07-01",0.9618707940780615,0,6.47,0,0.36,0,44.257721,-72.554168
574350,"2014-07-01",0.35393001345894975,0,1.77,0,0.06,0,44.257731,-72.572325
915580,"2014-07-01",0.1090040376850605,0,1.33,0,0,0,44.257786,-72.575783
794332,"2014-07-01",0.3482234185733507,0,1.88,0,0.06,0,44.257798,-72.575796
1013786,"2014-07-01",0.1988829071332441,0,1.21,0,0.13,0,44.257821,-72.575753
755701,"2014-07-01",1.0764199192462989,0,7.28,0,0.06,0,44.257833,-72.566078
107788,"2014-07-01",0.29868102288021475,0,1.27,0,0.08,0,44.257858,-72.572371
908137,"2014-07-01",0.4302826379542391,0,3.81,0,0.03,0,44.257869,-72.575544
19289,"2014-07-01",0.8032570659488568,0,4.52,0,0.17,0,44.257896,-72.566311
604813,"2014-07-01",0.641117092866756,0,5.51,0,0.03,0,44.257896,-72.562275
805477,"2014-07-01",0.05854643337819635,0,2.29,0,0,0,44.257904,-72.575393
168714,"2014-07-01",1.5941251682368787,0,6.08,0,0.15,0,44.257924,-72.569931
520158,"2014-07-01",0.5444952893674299,0,2.46,0,0.06,0,44.25796,-72.574678
212131,"2014-07-01",0.5822341857335124,0,4.1,0,0,0,44.257993,-72.550802
167228,"2014-07-01",0.42295289367428546,0,2.92,0,0.02,0,44.258024,-72.5704
609271,"2014-07-01",0.19090174966352652,0,1.52,0,0.05,0,44.25807,-72.57514
852827,"2014-07-01",0.6128532974428006,0,4.07,0,0.09,0,44.258076,-72.576063
146424,"2014-07-01",0.07672947510094175,0,2.96,0,0.03,0,44.258078,-72.574535
154597,"2014-07-01",1.090753701211306,0,4.25,0,0.18,0,44.258096,-72.571916
202149,"2014-07-01",0.5387617765814264,0,4.01,0,0.1,0,44.258105,-72.554143
480256,"2014-07-01",0.2726244952893671,0,0.54,0,0.04,0,44.258123,-72.573756
681941,"2014-07-01",0.2890713324360702,0,1.28,0,0,0,44.258171,-72.573893
707203,"2014-07-01",0.561601615074024,0,6.03,0,0.02,0,44.258183,-72.566884
835738,"2014-07-01",0.3852153432032306,0,6.7,0,0.04,0,44.258186,-72.574368
610014,"2014-07-01",0.5569044414535648,0,5.74,0,0.19,0,44.258211,-72.574781
767687,"2014-07-01",0.11484522207267833,0,0.95,0,0.04,0,44.258218,-72.562406
395969,"2014-07-01",0.880336473755046,0,8.07,0,0.18,0,44.258239,-72.571813
18546,"2014-07-01",0.8394751009421265,0,3.43,0,0.41,0,44.258281,-72.567373
449050,"2014-07-01",0.27017496635262434,0,3.52,0,0.15,0,44.258296,-72.564745
81783,"2014-07-01",0.39912068192014427,0,3.76,0,0.03,0,44.258299,-72.57059
832023,"2014-07-01",0.11545087483176295,0,0.88,0,0.01,0,44.258321,-72.574948
230706,"2014-07-01",0.8402288021534312,0,6.6,0,0,0,44.258365,-72.548712
426327,"2014-07-01",0.5644342456608767,0,5.79,0,0,0,44.258378,-72.576399
1001418,"2014-07-01",0.3741318977119782,0,5.15,0,0.05,0,44.258378,-72.562208
142709,"2014-07-01",1.8150471063257072,0,7.36,0,0.32,0,44.25844,-72.5617
60154,"2014-07-01",0.8373620457604296,0,7.9,0,0.23,0,44.25846,-72.56584
451279,"2014-07-01",0.5358411843876174,0,3.99,0,0.11,0,44.258489,-72.563281
60897,"2014-07-01",0.17153432032301513,0,2.25,0,0.12,0,44.258524,-72.565683
861743,"2014-07-01",0.21624495289367482,0,1.58,0,0.11,0,44.258526,-72.571648
256304,"2014-07-01",1.2364199192463,0,6.64,0,0.2,0,44.25854,-72.605308
578065,"2014-07-01",1.1765141318977133,0,5.67,0,0.58,0,44.258596,-72.55918
825863,"2014-07-01",0.2222106360792486,0,2.7,0,0,0,44.258628,-72.569248
201406,"2014-07-01",0.8739569313593536,0,4.77,0,0.2,0,44.258644,-72.554678
328785,"2014-07-01",0.5518977119784655,0,3.82,0,0,0,44.258646,-72.615775
389376,"2014-07-01",0.738963660834455,0,4.79,0,0.19,0,44.258655,-72.566746
489915,"2014-07-01",0.4965948855989232,0,4.35,0,0.14,0,44.258655,-72.566031
881804,"2014-07-01",0.46637954239569684,0,5.22,0,0.03,0,44.2587,-72.5721
257047,"2014-07-01",0.5426783310901752,0,4.27,0,0.15,0,44.258713,-72.606213
942979,"2014-07-01",0.4439973082099592,0,3.94,0,0.13,0,44.258734,-72.571746
940007,"2014-07-01",0.3574697173620457,0,3.38,0,0.03,0,44.258821,-72.605325
843911,"2014-07-01",0.11866756393001293,0,2.2,0,0.05,0,44.258845,-72.605845
165742,"2014-07-01",0.14835800807536995,0,1.57,0,0.06,0,44.25885,-72.572838
913327,"2014-07-31",0.5274865591397844,0,3.05,0,0.08,0,44.258883,-72.566686
869916,"2014-07-01",0.3151951547779276,0,3.57,0,0,0,44.258905,-72.546471
846883,"2014-07-01",0.10473755047106344,0,1.28,0,0.03,0,44.25891,-72.579176
61640,"2014-07-01",0.5396635262449525,0,4.34,0,0.12,0,44.25891,-72.561338
17803,"2014-07-01",0.7302960969044422,0,6.37,0,0.14,0,44.258916,-72.570168
580294,"2014-07-01",0.642368775235532,0,4.19,0,0.28,0,44.258948,-72.566696
905908,"2014-07-01",0.15986541049798134,0,1.92,0,0.07,0,44.258983,-72.605766
1034087,"2014-07-01",0.2381574803149607,0,2.07,0,0.03,0,44.259006,-72.573318
432919,"2014-07-01",0.21624495289367482,0,1.58,0,0.11,0,44.259008,-72.571948
704231,"2014-07-01",0.7081561238223423,0,3.94,0,0.14,0,44.259024,-72.576493
164999,"2014-07-01",0.8242799461642003,0,2.82,0,0.11,0,44.259045,-72.572686
57182,"2014-07-01",0.2748990578734846,0,4.47,0,0.1,0,44.259155,-72.567468
164256,"2014-07-01",0.321763122476447,0,3.37,0,0,0,44.259183,-72.57277
763229,"2014-07-01",0.5052489905787352,0,4.78,0,0.06,0,44.259191,-72.576875
771299,"2014-07-01",0.524051144010767,0,4.72,0,0.11,0,44.259196,-72.566026
975961,"2014-07-01",0.09286675639300179,0,0.35,0,0.07,0,44.259199,-72.565916
257790,"2014-07-01",1.3285733512786002,0,5.39,0,0.42,0,44.259223,-72.606485
149396,"2014-07-01",1.7813324360699867,0,8.59,0,0,0,44.259239,-72.548274
833509,"2014-07-01",0.231487213997308,0,2.06,0,0,0,44.259241,-72.573188
258533,"2014-07-01",0.2669582772543739,0,2.79,0,0.13,0,44.259256,-72.607066
746042,"2014-07-01",0.6199327052489896,0,4.86,0,0.01,0,44.259303,-72.573361
719834,"2014-07-01",0.43921938088829154,0,3.19,0,0.04,0,44.259318,-72.567188
985310,"2014-07-01",0.2352355316285333,0,2.17,0,0.02,0,44.259323,-72.57337
945208,"2014-07-01",1.2513593539703907,0,5.11,0,0.82,0,44.259334,-72.567816
59411,"2014-07-01",0.13418573351278565,0,0.85,0,0.03,0,44.259351,-72.565886
808449,"2014-07-01",0.6134454912516821,0,5.55,0,0.02,0,44.259361,-72.572973
812273,"2014-07-01",0.15842592592592572,0,5.2,0,0.02,0,44.259368,-72.567434
503069,"2014-07-01",0.26897711978465677,0,2.94,0,0.09,0,44.259378,-72.567336
184317,"2014-07-01",0.7786944818304167,0,5.33,0,0.12,0,44.259413,-72.57439
57925,"2014-07-01",0.9348452220726787,0,5.26,0,0.15,0,44.259417,-72.567156
969226,"2014-07-01",0.00009421265141318976,0,0.02,0,0,0,44.25942,-72.569508
789874,"2014-07-01",0.17061911170928673,0,0.52,0,0.01,0,44.259453,-72.5733
788388,"2014-07-01",0.2680484522207266,0,0.94,0,0,0,44.259471,-72.573663
133050,"2014-07-01",0.6278701211305506,0,4.5,0,0.04,0,44.259519,-72.5758
481742,"2014-07-01",0.38043068640646005,0,3.04,0,0.03,0,44.259544,-72.573251
789131,"2014-07-01",1.0509555854643335,0,3.37,0,0.26,0,44.25957,-72.574048
51981,"2014-07-01",0.39539703903095463,0,3.38,0,0.04,0,44.259604,-72.562918
17060,"2014-07-01",0.124293405114401,0,2.96,0,0,0,44.259616,-72.569735
502326,"2014-07-01",0.6216958277254372,0,5.15,0,0.04,0,44.259626,-72.553331
1007770,"2014-07-29",0.2545833333333334,0,1.24,0,0.01,0,44.259651,-72.606811
786902,"2014-07-01",0.09384925975773907,0,0.42,0,0.01,0,44.259655,-72.573953
787645,"2014-07-01",0.24936742934051156,0,0.8,0,0.02,0,44.259671,-72.573595
210645,"2014-07-01",0.6006729475100939,0,2.75,0,0,0,44.259686,-72.551655
51238,"2014-07-01",0.76341857335128,0,3.16,0,0.17,0,44.25969,-72.562735
731182,"2014-07-01",0.7592732166890973,0,3.53,0,0.51,0,44.259713,-72.570125
798047,"2014-07-01",0.277424854194706,0,2.85,0,0,0,44.259776,-72.569913
62383,"2014-07-01",0.7632974427994665,0,8.85,0,0.1,0,44.259787,-72.560981
1017717,"2014-07-01",0.9235397039030959,0,6.32,0,0.08,0,44.259793,-72.607535
854313,"2014-07-01",0.5204172274562584,0,3.25,0,0.12,0,44.259793,-72.573851
801762,"2014-07-01",0.16257065948856006,0,1.6,0,0.11,0,44.259808,-72.57239
213617,"2014-07-01",1.2378465679676982,0,3.71,0,0,0,44.25981,-72.54807
782444,"2014-07-01",0.49103633916554473,0,4.38,0,0.1,0,44.259826,-72.576711
10373,"2014-07-01",0.2990578734858684,0,2.78,0,0.06,0,44.259828,-72.572216
594411,"2014-07-01",0.33488559892328396,0,0.94,0,0.18,0,44.259831,-72.604276
655863,"2014-07-01",0.3206056527590855,0,4.6,0,0.08,0,44.259835,-72.592216
830537,"2014-07-01",0.24641991924629808,0,1.35,0,0.04,0,44.259845,-72.572246
1,"2014-07-01",0.47099256002706,0,3.01,0,0,0,44.259856,-72.575615
458709,"2014-07-01",0.4596500672947515,0,1.76,0,0.1,0,44.259861,-72.572268
252589,"2014-07-01",0.5245895020188439,0,2.62,0,0.15,0,44.259876,-72.576071
33406,"2014-07-01",1.483606998654103,0,5.42,0,0.18,0,44.2599,-72.551321
214360,"2014-07-01",0.6627456258411839,0,3.74,0,0,0,44.259912,-72.546116
721344,"2014-07-01",0.17452380952380953,0,2.06,0,0,0,44.259991,-72.575526
254075,"2014-07-01",0.13154777927321729,0,3.99,0,0,0,44.259993,-72.575981
1031858,"2014-07-01",0.39539703903095463,0,3.38,0,0.04,0,44.26,-72.562823
704974,"2014-07-01",0.13928667563930003,0,2.05,0,0,0,44.260011,-72.575971
259276,"2014-07-01",0.8918169582772559,0,5.31,0,0.28,0,44.260019,-72.608313
721680,"2014-07-01",0.5346029609690446,0,3.13,0,0.1,0,44.260028,-72.604713
505298,"2014-07-01",0.5920726783310891,0,6.78,0,0.03,0,44.260043,-72.576086
572121,"2014-07-01",0.2386541049798114,0,0.84,0,0.09,0,44.26005,-72.576001
56439,"2014-07-01",0.624226110363391,0.9810094212651411,2.52,4.87,0,0,44.260111,-72.568637
52724,"2014-07-01",0.5790982503364733,0,3.86,0,0.17,0,44.260118,-72.562431
958535,"2014-07-01",0.24016150740242287,0,2.2,0,0.03,0,44.260142,-72.575621
3686,"2014-07-01",0.2733089790424764,0,4.51,0,0,0,44.260148,-72.572686
917066,"2014-07-07",0.13825320512820544,0,1.36,0,0,0,44.260168,-72.573138
559490,"2014-07-01",0.48010094212651255,0,3.65,0,0.04,0,44.26017,-72.577428
983847,"2014-07-01",0.429434724091523,0,6.49,0,0.07,0,44.260171,-72.562158
533532,"2014-07-01",1.180228802153432,0,4.05,0,0.38,0,44.260231,-72.552748
372622,"2014-07-01",0.6977792732166893,0,4.18,0,0.18,0,44.260243,-72.607416
598126,"2014-07-01",0.3131897711978462,0,2.65,0,0.1,0,44.260245,-72.605411
776500,"2014-07-01",0.44930013458950185,0,1.27,0,0.11,0,44.260246,-72.568663
679735,"2014-07-02",0.3240694444444444,0,3.42,0,0,0,44.260249,-72.568645
255561,"2014-07-01",0.37329744279946214,0,3.72,0,0.08,0,44.260251,-72.591765
63126,"2014-07-01",1.4347510094212637,0,5.75,0,0.33,0,44.260268,-72.560383
229220,"2014-07-01",0.9682503364737554,0,3.38,0,0,0,44.260278,-72.551109
649919,"2014-07-01",0.2837685060565274,0,2.58,0,0.09,0,44.260306,-72.55926
63869,"2014-07-01",0.5193001345895027,0,2.16,0,0.28,0,44.260323,-72.56087
260019,"2014-07-01",0.7522611036339174,0,6.38,0,0.03,0,44.260348,-72.607045
727730,"2014-07-01",0.21112382234185803,0,3.77,0,0.02,0,44.260356,-72.572761
439391,"2014-07-01",1.2666621803499332,0,7.06,0,0.17,0,44.260421,-72.559278
514957,"2014-07-01",0.13611484970838986,0,1.88,0,0,0,44.260428,-72.56929
464653,"2014-07-01",0.3908209959623148,0,4.65,0,0.08,0,44.260435,-72.569099
13345,"2014-07-01",0.3541790040376855,0,3.26,0,0.05,0,44.26044,-72.571048
204378,"2014-07-01",0.6983983849259753,0,5.14,0,0,0,44.260463,-72.552886
211388,"2014-07-01",0.5014535666218032,0,3.35,0,0.1,0,44.260472,-72.550959
53467,"2014-07-01",0.4921265141318987,0,4.39,0,0.15,0,44.260491,-72.569116
726987,"2014-07-01",0.23773889636608297,0,1.22,0,0.05,0,44.260495,-72.569653
1019946,"2014-07-01",0.11562584118438736,0,1.13,0,0,0,44.260538,-72.576073
205121,"2014-07-01",0.576971736204576,0,3.12,0,0,0,44.260564,-72.552645
199920,"2014-07-01",1.0538223418573327,0,5.08,0,0,0,44.26058,-72.554278
725395,"2014-07-01",0.18518867924528296,0,1.37,0,0.02,0,44.260618,-72.572281
473569,"2014-07-01",0.6117765814266491,0,5.03,0,0.09,0,44.260628,-72.570847
200663,"2014-07-01",1.92527590847914,0,5.98,0,0,0,44.260686,-72.553693
797304,"2014-07-01",0.33624495289367434,0,1.61,0,0.04,0,44.260711,-72.570878
775014,"2014-07-01",0.34505159264244273,0,4.47,0,0,0,44.260774,-72.571333
622958,"2014-07-01",0.28069986541049796,0,4.03,0,0.06,0,44.260786,-72.560771
546859,"2014-07-01",0.09508748317631235,0,1.36,0,0,0,44.260801,-72.621223
525359,"2014-07-01",0.4004979811574693,0,4.08,0,0.1,0,44.260841,-72.572078
778729,"2014-07-01",0.25650067294750956,0,4.13,0,0.06,0,44.260844,-72.570314
1016974,"2014-07-01",0.33441453566621687,0,2.36,0,0.12,0,44.260863,-72.590526
530560,"2014-07-01",0.6181022880215342,0,5.2,0,0.13,0,44.260885,-72.57203
15574,"2014-07-01",0.18678331090174982,0,0.96,0,0.07,0,44.260916,-72.570874
619243,"2014-07-01",0.5686675639300149,0,4.98,0,0.12,0,44.260943,-72.562473
884729,"2014-07-01",0.6424360699865422,0,6.43,0,0.03,0,44.26095,-72.57222
669670,"2014-07-01",0.463162853297442,0,3.65,0,0.12,0,44.260965,-72.561558
716862,"2014-07-01",1.124724091520861,0,4.52,0,0.55,0,44.260978,-72.564826
843168,"2014-07-01",0.2542261103633914,0,1.71,0,0.06,0,44.260993,-72.57185
48266,"2014-07-01",0.6575639300134597,0,2.81,0,0.11,0,44.261001,-72.564306
636332,"2014-07-01",0.3209600717810698,0,2.3,0,0.04,0,44.261012,-72.569701
37864,"2014-07-01",1.3668506056527592,0,5.19,0,0.26,0,44.26104,-72.564926
150882,"2014-07-01",0.2810767160161507,0,3.36,0,0.11,0,44.261055,-72.561315
159055,"2014-07-01",0.16267160161507394,0,2.86,0,0,0,44.261076,-72.569475
926943,"2014-07-01",0.19419919246298875,0,1.21,0,0.02,0,44.261089,-72.57554
50495,"2014-07-01",0.5909017496635253,0,1.78,0,0.17,0,44.261116,-72.562131
542448,"2014-07-01",0.1638761776581425,0,2.29,0,0.06,0,44.261149,-72.562293
532046,"2014-07-01",0.2060296096904444,0,2.99,0,0.06,0,44.261166,-72.564348
586238,"2014-07-01",0.763701211305517,0,4.62,0,0.13,0,44.26119,-72.56914
40836,"2014-07-01",0.45135935397039056,0,3.01,0,0.18,0,44.261195,-72.568581
333243,"2014-07-01",0.8379946164199192,0,3.78,0,0.23,0,44.261213,-72.563078
544630,"2014-07-01",0.5930686406460292,0,2.55,0,0.06,0,44.261215,-72.56567
2200,"2014-07-01",0.3322282039778518,0,4.3,0,0.05,0,44.261247,-72.571661
209902,"2014-07-01",0.23320323014804806,0,1.1,0,0,0,44.26127,-72.55236
55696,"2014-07-01",1.1432032301480488,0,7.12,0,0.16,0,44.261271,-72.571531
178373,"2014-07-01",0.8685666218035001,0,6.66,0,0.09,0,44.261271,-72.569478
37121,"2014-07-01",0.14340511440107653,0,0.67,0,0.03,0,44.261346,-72.565731
543934,"2014-07-01",0.24033602150537633,0,4.21,0,0,0,44.261358,-72.566233
934422,"2014-07-01",0.6217765814266483,0,5.6,0,0.12,0,44.261368,-72.563983
992477,"2014-07-01",0.9079407806191131,0,9.74,0,0.2,0,44.261392,-72.573165
34149,"2014-07-01",0.296944818304172,0,1.94,0,0.07,0,44.261409,-72.570183
877346,"2014-07-01",0.40110363391655507,0,2.29,0,0.09,0,44.261409,-72.568603
1004798,"2014-07-01",0.13437415881561227,0,0.87,0,0.03,0,44.261451,-72.568811
526845,"2014-07-01",0.3575639300134594,0,1.8,0,0,0,44.261525,-72.575626
682684,"2014-07-01",0.09321668909825036,0,0.43,0,0.02,0,44.261536,-72.565846
585495,"2014-07-01",0.20024226110363397,0,1.01,0,0.12,0,44.261558,-72.569348
855799,"2014-07-01",1.1320457604306864,0,5.94,0,0.4,0,44.261566,-72.563864
36378,"2014-07-01",0.6008613728129201,0,3.34,0,0.19,0,44.261575,-72.566831
878832,"2014-07-01",2.226204576043066,0,3.24,0,1.07,0,44.261589,-72.575547
896210,"2014-07-01",0.18773889636608304,0,0.93,0,0,0,44.261609,-72.575438
894724,"2014-07-01",0.3829205921938096,0,2.17,0,0.03,0,44.261611,-72.570576
398198,"2014-07-01",1.095854643337819,0,6.89,0,0,0,44.261688,-72.547714
11859,"2014-07-01",0.3369986541049785,0,1.92,0,0.11,0,44.261693,-72.571206
545373,"2014-07-01",1.0967967698519518,0,4.64,0,0.07,0,44.2617,-72.570485
197691,"2014-07-01",0.3896366083445486,0,5.63,0,0,0,44.261721,-72.557718
975218,"2014-07-01",0.523095558546433,0,4.95,0,0.13,0,44.261751,-72.570886
45294,"2014-07-01",0.4689502018842525,0,2.12,0,0.13,0,44.261798,-72.567106
740098,"2014-07-01",1.0390847913862722,0,4.38,0,0.23,0,44.261816,-72.565409
537990,"2014-07-01",1.4892328398384935,0,7.08,0,0.43,0,44.261875,-72.503498
581780,"2014-07-01",0.24835800807537023,0,3.95,0,0,0,44.2619,-72.576326
39350,"2014-07-01",0.5917227456258398,0,3.79,0,0.13,0,44.261916,-72.568566
869173,"2014-07-01",0.40000448631674046,0,3.9,0,0.03,0,44.261941,-72.577943
316897,"2014-07-01",0.6862853297442808,0,4.51,0,0.11,0,44.261967,-72.576906
49752,"2014-07-01",0.3566218034993264,0,5.38,0,0,0,44.262,-72.566126
1028119,"2014-07-01",0.19535666218034978,0,2.01,0,0,0,44.262005,-72.575563
317640,"2014-07-01",0.12430686406460324,0,0.69,0,0,0,44.26202,-72.576995
668184,"2014-07-01",0.15398384925975772,0,2.09,0,0.02,0,44.262021,-72.577688
318383,"2014-07-01",0.0800942126514133,0,1.38,0,0.02,0,44.262041,-72.576974
199177,"2014-07-01",1.2273082099596233,0,6.92,0,0,0,44.26208,-72.557358
162770,"2014-07-01",0.08950201884253045,0,1.41,0,0.02,0,44.262083,-72.573328
911098,"2014-07-01",0.1502691790040378,0,1.46,0,0,0,44.262105,-72.573396
971503,"2014-07-01",0.48080753701211315,0,1.53,0,0.17,0,44.262113,-72.588264
860257,"2014-07-01",0.35915208613728117,0,1.05,0,0.05,0,44.262131,-72.577605
993220,"2014-07-29",0.23097222222222216,0,0.58,0,0.02,0,44.262148,-72.573308
762486,"2014-07-01",0.31897711978465676,0.5532570659488558,1.47,2.74,0,0,44.262163,-72.55955
49009,"2014-07-01",0.7239703903095566,0,4.41,0,0.07,0,44.262184,-72.566375
242594,"2014-07-01",0.4118411843876211,0,2.57,0,0.06,0,44.262187,-72.574646
810787,"2014-07-01",0.6344010767160158,0,2.83,0,0,0,44.262196,-72.555988
541705,"2014-07-01",1.1006594885598944,0,4.91,0,0.08,0,44.2622,-72.565473
38607,"2014-07-01",0.6028577837595345,0,4.64,0,0.12,0,44.262225,-72.56861
209579,"2014-07-01",0.8043034055727551,0,4.46,0,0,0,44.262226,-72.553481
829051,"2014-07-01",0.43068640646029627,0,4.43,0,0.07,0,44.262228,-72.566668
254818,"2014-07-01",0.4851816958277261,0,2.23,0,0.14,0,44.262234,-72.586233
988019,"2014-07-01",0.12977119784656832,0,1.15,0,0.04,0,44.262283,-72.567028
829794,"2014-07-01",0.6811305518169587,0,3.48,0,0.1,0,44.262285,-72.574801
831280,"2014-07-01",1.3991924629878862,0,9.17,0,0,0,44.262289,-72.55279
575836,"2014-07-01",0.5557873485868104,0,2.22,0,0.19,0,44.262293,-72.574795
66841,"2014-07-01",0.596406460296097,0,2.2,0,0.12,0,44.262296,-72.558388
14088,"2014-07-01",0.529125168236877,0,3.66,0,0.04,0,44.262305,-72.566213
922124,"2014-07-01",0.3587348586810229,0,2.4,0,0.03,0,44.262345,-72.567703
47523,"2014-07-01",0.2361776581426652,0,2.52,0,0.04,0,44.262345,-72.566346
456480,"2014-07-01",0.14218034993270567,0,3.37,0,0.03,0,44.262358,-72.58764
429204,"2014-07-01",0.6687314939434713,0,4.29,0,0.08,0,44.262361,-72.578598
46037,"2014-07-01",0.24113055181695792,0,1.06,0,0.11,0,44.262391,-72.567661
246645,"2014-07-01",0.23967698519515437,0,1.68,0,0.06,0,44.262391,-72.567626
311696,"2014-07-01",0.746029609690445,0,2.11,0,0.15,0,44.2624,-72.575258
826822,"2014-07-01",0.3058546433378202,0,3.45,0,0.02,0,44.2624,-72.575251
735640,"2014-07-01",0.23343203230148013,0,1.52,0,0.04,0,44.262429,-72.568946
882547,"2014-07-01",0.47321668909825115,0,4.46,0,0.08,0,44.262463,-72.573948
596640,"2014-07-01",0.2974966352624498,0,1.21,0,0.03,0,44.262476,-72.569515
690114,"2014-07-01",0.6402153432032311,0,3.45,0,0.19,0,44.262476,-72.559748
446078,"2014-07-01",0.00012113055181695828,0,0.04,0,0,0,44.26248,-72.575799
455737,"2014-07-01",0.47348586810228827,0,3.08,0,0.14,0,44.262483,-72.588358
8887,"2014-07-01",0.2077658142664845,0,3.79,0,0.02,0,44.262495,-72.567553
872888,"2014-07-01",0.2672543741588157,0,2.45,0,0,0,44.262523,-72.586672
889523,"2014-07-01",0.29862718707940783,0,4.38,0,0.04,0,44.262523,-72.57379
597383,"2014-07-01",0.4652624495289362,0,5.35,0,0.07,0,44.262528,-72.569361
483971,"2014-07-01",0.46874831763122493,0,3.82,0,0.07,0,44.262545,-72.574266
662550,"2014-07-01",0.8791924629878867,0,3.57,0,0.34,0,44.262548,-72.575404
450536,"2014-07-01",0.4506191117092858,0,2.12,0,0.1,0,44.262548,-72.568109
680455,"2014-07-01",0.5994818304172269,0,4.52,0,0.07,0,44.262558,-72.569688
64612,"2014-07-01",0.7887752355316271,0,2.41,0,0.35,0,44.262576,-72.56002
227734,"2014-07-01",0.3061417676087954,0,4.06,0,0,0,44.262608,-72.578845
310953,"2014-07-01",0.3104621309370989,0,3.68,0,0,0,44.26261,-72.569591
821405,"2014-07-01",0.7134993270524903,0,2.51,0,0.22,0,44.262615,-72.574226
865458,"2014-07-01",0.18325706594885577,0,1.32,0,0.04,0,44.262623,-72.574161
44551,"2014-07-01",0.7290713324360691,0,5.65,0,0.3,0,44.262636,-72.567974
136765,"2014-07-01",0.32981426648720263,0,2.45,0,0.02,0,44.262641,-72.587023
665283,"2014-07-01",0.0792559523809524,0,0.62,0,0.04,0,44.262645,-72.567955
864715,"2014-07-01",0.37157469717361946,0,3.63,0,0.12,0,44.26265,-72.572345
462424,"2014-07-01",0.42110363391655425,0,2.61,0,0.09,0,44.262651,-72.574523
429947,"2014-07-01",0.5859533423059676,0,3.51,0,0.12,0,44.262653,-72.578088
442363,"2014-07-01",0.13664872139973058,0,2.1,0,0.06,0,44.262695,-72.574215
345131,"2014-07-01",0.08398384925975771,0,0.64,0,0.04,0,44.262731,-72.565035
320612,"2014-07-01",0.5388829071332437,0,1.14,0,0.21,0,44.26277,-72.574261
323584,"2014-07-01",0.24024226110363353,0,0.52,0,0.18,0,44.262806,-72.574113
314668,"2014-07-01",0.30703903095558494,0,1.51,0,0.11,0,44.262813,-72.576115
601841,"2014-07-01",0.5089771197846574,0,4.44,0,0.21,0,44.262823,-72.55816
240365,"2014-07-01",1.0627725437415887,0,4.41,0,0.22,0,44.262823,-72.487445
42322,"2014-07-01",0.32821332436070816,0,3.31,0,0.05,0,44.262876,-72.57085
344388,"2014-07-01",0.5489905787348576,0,3.4,0,0.26,0,44.262909,-72.566058
313182,"2014-07-01",0.9511709286675641,0,3.41,0,0.36,0,44.262915,-72.575205
324327,"2014-07-01",0.7457065948855982,0,3.27,0,0.1,0,44.26303,-72.573826
914837,"2014-07-01",0.28701211305518187,0,3.68,0,0,0,44.263038,-72.568218
322098,"2014-07-01",0.6257469717362054,0,3.64,0,0.1,0,44.263051,-72.574455
315411,"2014-07-01",0.5077254374158814,0,3.99,0,0.19,0,44.263101,-72.574858
557261,"2014-07-01",0.2881965006729484,0,5.05,0,0.02,0,44.263131,-72.57311
921381,"2014-07-01",0.33733512786002706,0,5.9,0,0,0,44.263143,-72.57309
205864,"2014-07-01",1.5972947510094215,0,9.44,0,0,0,44.26315,-72.554353
313925,"2014-07-01",0.417752355316285,0,2.36,0,0.21,0,44.263156,-72.575821
478770,"2014-07-01",0.5650471063257055,0,4.41,0,0.03,0,44.263246,-72.571708
509756,"2014-07-01",0.6868371467025572,0,4.08,0,0.08,0,44.263271,-72.566386
163513,"2014-07-01",0.2924809331538818,0,3.44,0,0.04,0,44.263278,-72.570438
308124,"2014-07-01",0.2080888290713324,0,1.38,0,0.04,0,44.263318,-72.572116
345874,"2014-07-01",0.40257065948855975,0,3.71,0,0.08,0,44.263344,-72.568501
868430,"2014-07-01",0.12119784656796741,0,1.84,0,0,0,44.263375,-72.567223
509013,"2014-07-01",0.17947510094212707,0,2.6,0,0,0,44.263408,-72.567816
581037,"2014-07-01",1.1733243606998671,0,6.33,0,0.14,0,44.263474,-72.562339
663293,"2014-07-01",0.49746971736204487,0,1.97,0,0.02,0,44.263481,-72.567303
66098,"2014-07-01",0.22991924629878924,0,2.47,0,0.08,0,44.263483,-72.562341
618500,"2014-07-01",1.4439838492597585,0,5.38,0,0.19,0,44.263486,-72.567198
866201,"2014-07-01",0.797779273216691,0,4.35,0,0.14,0,44.263515,-72.559078
550574,"2014-07-01",0.10950201884252989,0,0.55,0,0.05,0,44.263525,-72.571811
325070,"2014-07-01",0.11181022880215298,0,0.42,0,0,0,44.263553,-72.573116
16317,"2014-07-01",0.2370928667563934,0,3.34,0,0.04,0,44.26359,-72.567758
522387,"2014-07-01",0.23900403768506104,0,1.28,0,0,0,44.263653,-72.57067
330271,"2014-07-01",0.3221601615074009,0,3.01,0,0,0,44.26371,-72.570628
207350,"2014-07-01",0.8817967698519508,0,3.91,0,0,0,44.263736,-72.55346
923610,"2014-07-01",0.36808882907133267,0,5.15,0,0.08,0,44.263756,-72.568573
329528,"2014-07-01",0.12305069537909526,0,1.49,0,0,0,44.263793,-72.570051
593668,"2014-07-01",0.13281292059219352,0,1.59,0,0.02,0,44.263858,-72.568443
461681,"2014-07-01",1.043983849259757,0,5.32,0,0.13,0,44.263858,-72.567286
206607,"2014-07-01",0.7240646029609683,0,4.03,0,0,0,44.263896,-72.553826
247388,"2014-07-01",0.21742934051144108,0,3.13,0,0.08,0,44.263908,-72.583887
328042,"2014-07-01",0.1585284881112611,0,0.91,0,0.01,0,44.263936,-72.571703
160541,"2014-07-01",0.2328129205921941,0,5.58,0,0.07,0,44.263936,-72.569993
839453,"2014-07-01",0.5651278600269171,0,7.4,0,0.03,0,44.264055,-72.571796
65355,"2014-07-01",0.6873485868102294,0,2.41,0,0.14,0,44.264066,-72.562113
567663,"2014-07-01",0.5919518996165885,0,6.22,0,0,0,44.264099,-72.56891
700516,"2014-07-01",0.22100942126514134,0,1.63,0,0,0,44.264136,-72.569553
262991,"2014-07-01",0.49713324360699834,0,3.96,0,0.11,0,44.26416,-72.572946
67584,"2014-07-01",0.5850201884253028,0,5.01,0,0.1,0,44.264163,-72.557968
262248,"2014-07-01",0.27331090174966355,0,2.12,0,0.06,0,44.264183,-72.57343
368907,"2014-07-01",0.7058142664872137,0,3.49,0,0.18,0,44.264202,-72.571907
80249,"2014-07-01",0.6810767160161515,0,4.03,0,0.3,0,44.26438,-72.734421
491401,"2014-07-01",0.31852772466539214,0,1.81,0,0,0,44.264391,-72.566575
417650,"2014-07-01",0.4943606998654106,0,6.81,0,0.04,0,44.264489,-72.560873
43808,"2014-07-01",0.5004172274562582,0,5.7,0,0,0,44.264527,-72.568726
524616,"2014-07-01",0.7827590847913865,0,5.25,0,0.04,0,44.264567,-72.566791
369650,"2014-07-01",0.44037685060565335,0,4.63,0,0.07,0,44.264579,-72.571201
587724,"2014-07-01",0.26892328398384985,0,2.52,0,0,0,44.264593,-72.571671
343645,"2014-07-01",1.2183445491251703,0,4.21,0,0.11,0,44.264603,-72.567283
845397,"2014-07-01",0.43290713324360736,0,9.04,0,0.05,0,44.264668,-72.56667
785416,"2014-07-01",0.18896366083445462,0,4.21,0,0.02,0,44.264731,-72.573318
718348,"2014-07-01",1.1307537012113056,0,4.62,0,0.71,0,44.264761,-72.567686
1022175,"2014-07-01",0.5421534320323014,0,3.63,0,0.09,0,44.264771,-72.570636
327299,"2014-07-01",0.11401076716016112,0,0.27,0,0.02,0,44.264813,-72.57351
639304,"2014-07-01",0.38014084507042284,0,2.18,0,0.13,0,44.26484,-72.570871
130821,"2014-07-01",2.0454912516823684,0,11.41,0,0.36,0,44.26484,-72.480888
370393,"2014-07-01",0.2015074024226117,0,0.86,0,0.08,0,44.264848,-72.570815
374108,"2014-07-15",0.09458333333333328,0,1.14,0,0,0,44.264867,-72.568125
335472,"2014-07-01",0.3424226110363387,0,4.04,0,0.05,0,44.264922,-72.568051
306638,"2014-07-01",0.7195289367429345,0,5.3,0,0.05,0,44.264973,-72.56968
218818,"2014-07-01",0.5010767160161506,0,6.43,0,0.14,0,44.264976,-72.560305
182831,"2014-07-01",0.39769515477793377,0,6.34,0,0.02,0,44.265002,-72.568434
371879,"2014-07-01",0.16220726783310857,0,1.08,0,0.06,0,44.265058,-72.570363
336215,"2014-07-01",0.944872139973106,0,6.4,0,0.07,0,44.265065,-72.568482
853570,"2014-07-01",0.6773755047106323,0,2.91,0,0.16,0,44.265151,-72.570878
2943,"2014-07-01",0.9743068640646037,0,4.86,0,0.18,0,44.265156,-72.559983
437162,"2014-07-01",0.9731224764468356,0,4.47,0,0.14,0,44.265158,-72.573115
273393,"2014-07-01",0.35086137281292007,0,2.57,0,0.02,0,44.265241,-72.568336
964815,"2014-07-01",0.1262449528936745,0,0.69,0,0.03,0,44.265246,-72.56938
337701,"2014-07-01",0.7906191117092857,0,4.24,0,0.2,0,44.265251,-72.568013
390119,"2014-07-01",0.2596120689655198,0,1.48,0,0.05,0,44.265258,-72.571508
152368,"2014-07-01",0.317833109017497,0,3.15,0,0.02,0,44.265262,-72.56836
583266,"2014-07-01",0.5581965006729473,0,3.3,0,0.05,0,44.265275,-72.561076
385661,"2014-07-01",0.3163122476446834,0,2.72,0,0.05,0,44.265291,-72.573008
342159,"2014-07-01",0.5603903095558544,0,3.29,0,0.03,0,44.265365,-72.566568
851341,"2014-07-01",0.5765545087483182,0,5.14,0,0.04,0,44.265383,-72.562673
386404,"2014-07-01",1.32837146702557,0,5.64,0,0.12,0,44.265412,-72.572435
482485,"2014-07-01",0.5667294751009416,0,5.06,0,0.16,0,44.265441,-72.571536
617757,"2014-07-01",0.340755864465682,0,4.42,0,0,0,44.265505,-72.570388
446821,"2014-07-01",0.5625168236877526,0,3.68,0,0.09,0,44.265508,-72.572886
1044861,"2014-07-01",0.286191117092867,0,1.6,0,0.02,0,44.265525,-72.571365
1014529,"2014-07-23",0.13606481481481478,0,1.85,0,0,0,44.265563,-72.572286
858771,"2014-07-01",0.20052489905787357,0,4.8,0,0.06,0,44.265583,-72.587476
243337,"2014-07-01",1.1610497981157462,0,6.26,0,0.35,0,44.265595,-72.562748
223276,"2014-07-01",0.5598923283983857,0,3.58,0,0.11,0,44.265626,-72.561241
387147,"2014-07-01",0.264078061911171,0,1.67,0,0.07,0,44.265775,-72.573058
917666,"2014-07-01",0.1647510094212653,0,2.06,0,0.03,0,44.265776,-72.569151
251103,"2014-07-01",0.33730820995962324,0,6.2,0,0.08,0,44.265781,-72.585878
828308,"2014-07-01",0.13958277254374124,0,0.95,0,0.03,0,44.265801,-72.569184
500840,"2014-07-01",0.42713324360699845,0,2.05,0,0,0,44.26581,-72.551408
591439,"2014-07-01",1.0093405114401075,0,6.87,0,0.19,0,44.265823,-72.566158
952591,"2014-07-01",0.6297981157469721,0,2.85,0,0.14,0,44.265868,-72.587943
582523,"2014-07-01",0.18057873485868092,0,0.98,0,0.05,0,44.265881,-72.572261
584009,"2014-07-01",1.1080619111709267,0,5.57,0,0.23,0,44.265968,-72.587598
220304,"2014-07-01",0.5287886944818302,0,4.82,0,0.03,0,44.265989,-72.563033
219561,"2014-07-01",0.4789367429340506,0,3.78,0,0.08,0,44.265995,-72.563068
158312,"2014-07-01",0.6722072678331086,0,5.67,0,0.11,0,44.266001,-72.563038
573607,"2014-07-01",0.5685868102288018,0,5.27,0,0.09,0,44.266015,-72.561678
560233,"2014-07-01",1.2406056527590845,0,4.55,0,0.39,0,44.266026,-72.587696
855056,"2014-07-01",0.5196904441453565,0,6.32,0,0.05,0,44.26604,-72.561481
693829,"2014-07-01",2.3383041722745634,0,9.76,0,0.84,0,44.266041,-72.584895
928837,"2014-07-01",0.2554374158815612,0,3.09,0,0.08,0,44.26605,-72.56162
392301,"2014-07-03",0.49024425287356443,0,3.84,0,0,0,44.26609,-72.569843
715376,"2014-07-01",0.5601211305518168,0,2.9,0,0.02,0,44.266098,-72.568585
338444,"2014-07-01",0.45002691790040406,0,2.46,0,0.08,0,44.266098,-72.567321
674534,"2014-07-01",0.41709286675639434,0,5.73,0,0.09,0,44.266117,-72.561532
849112,"2014-07-01",0.27421265141319034,0,3.61,0,0.02,0,44.266135,-72.570273
806963,"2014-07-01",0.8721399730820987,0,6.82,0,0.12,0,44.266145,-72.569671
208836,"2014-07-01",0.851399730820998,0,2.23,0,0,0,44.266208,-72.55062
336958,"2014-07-01",0.1237819650067293,0,1.13,0,0.05,0,44.266233,-72.567275
331014,"2014-07-01",0.8762180349932699,0,7.28,0,0.14,0,44.266244,-72.584953
431433,"2014-07-01",0.3504262000897244,0,5.65,0,0.01,0,44.266268,-72.568993
1025147,"2014-07-01",0.0689636608344554,0,0.91,0,0.01,0,44.26627,-72.571245
847626,"2014-07-01",0.3446702557200538,0,2.17,0,0.1,0,44.266283,-72.571193
388633,"2014-07-01",0.5130686406460295,0,3.09,0,0.07,0,44.266304,-72.571305
973732,"2014-07-01",0.26888290713324353,0,3.14,0,0.06,0,44.266309,-72.570289
790617,"2014-07-01",0.2138896366083459,0,5.18,0,0,0,44.266314,-72.560917
810044,"2014-07-01",0.14927321668909804,0,1.5,0,0.01,0,44.266351,-72.568801
862486,"2014-07-01",0.3705114401076722,0,4.21,0,0.01,0,44.266366,-72.570218
390815,"2014-07-01",0.8242126514131916,0,4.29,0,0.24,0,44.266396,-72.572462
280823,"2014-07-01",0.48379542395693104,0,3.39,0,0.21,0,44.266405,-72.586784
384175,"2014-07-01",0.7143337819650067,0,4.48,0,0.1,0,44.266411,-72.571133
588467,"2014-07-01",0.6874024226110375,0,5.39,0,0.21,0,44.266438,-72.568963
709432,"2014-07-01",0.3693539703903093,0,3.58,0,0.07,0,44.26648,-72.586536
381946,"2014-07-01",0.4096231493943475,0,5.09,0,0.03,0,44.266485,-72.57223
467625,"2014-07-01",1.179973082099596,0,6.89,0,0.14,0,44.266503,-72.570691
71860,"2014-07-01",0.37243606998654133,0,3.66,0,0.09,0,44.266526,-72.563155
655120,"2014-07-01",1.1905383580080744,0,5.73,0,0.34,0,44.266538,-72.570284
997798,"2014-07-01",0.13130841121495498,0,1.12,0,0,0,44.266585,-72.570475
224762,"2014-07-01",0.8787079407806186,0,6.54,0,0.09,0,44.266631,-72.561516
592182,"2014-07-01",0.26866756393001323,0,1.31,0,0.07,0,44.266661,-72.58583
686399,"2014-07-01",0.8432705248990575,0,4.54,0,0.21,0,44.266663,-72.585971
224019,"2014-07-01",0.4357604306864062,0,5.13,0,0.07,0,44.266705,-72.561465
319126,"2014-07-01",0.4925168236877531,0,4.68,0,0.15,0,44.26673,-72.563091
138994,"2014-07-01",1.480901749663525,0,5.81,0,0.33,0,44.266758,-72.568745
968483,"2014-07-01",0.5162314939434728,0,4.05,0,0.21,0,44.266771,-72.583026
281566,"2014-07-01",0.6222880215343206,0,4.5,0,0.17,0,44.266805,-72.587226
1004390,"2014-07-15",0.2524999999999996,0,1.07,0,0.01,0,44.266878,-72.570021
638561,"2014-07-01",0.477617765814267,0,2.66,0,0.17,0,44.266884,-72.56273
842425,"2014-07-01",0.6235531628532966,0,3.4,0,0.29,0,44.266946,-72.57091
628159,"2014-07-01",0.5242261103633907,0,3.03,0,0.13,0,44.26695,-72.490645
965558,"2014-07-01",0.17495289367429281,0,1.24,0,0.05,0,44.266994,-72.56991
538733,"2014-07-01",0.09279946164199195,0,4.34,0,0.03,0,44.267036,-72.568618
602584,"2014-07-01",0.7352893674293407,0,5.73,0,0,0,44.267053,-72.587473
282309,"2014-07-01",0.7525706594885598,0,4.35,0,0.11,0,44.267146,-72.587202
382689,"2014-07-01",0.6838492597577398,0,4.04,0,0.18,0,44.267181,-72.57121
375259,"2014-07-01",0.2615746971736203,0,1.66,0,0.09,0,44.2672,-72.568896
296979,"2014-07-01",0.743728129205922,0,3.47,0,0.26,0,44.267206,-72.585571
286767,"2014-07-01",0.46911170928667606,0,5.01,0,0.16,0,44.267271,-72.56138
285281,"2014-07-01",0.6030013458950204,0,5.96,0,0.17,0,44.267331,-72.58745
296236,"2014-07-01",0.5625302826379542,0,4.09,0,0.1,0,44.267333,-72.585835
284538,"2014-07-01",0.4535127860026911,0,2.38,0,0.06,0,44.267365,-72.586981
283795,"2014-07-01",0.5815074024226105,0,4.3,0,0.17,0,44.267369,-72.587306
383432,"2014-07-01",0.469192462987887,0,2.27,0,0.05,0,44.267438,-72.570656
217332,"2014-07-01",0.48868102288021575,0,1.54,0,0.2,0,44.267479,-72.56911
664779,"2014-07-01",0.8426388888888894,0,6.46,0,0.06,0,44.267485,-72.589123
902897,"2014-07-01",0.1902422611036339,0,0.69,0,0.05,0,44.267486,-72.57063
288996,"2014-07-01",0.234683714670256,0,3.32,0,0.06,0,44.267571,-72.586196
221047,"2014-07-01",0.15251682368775163,0,3.62,0,0.04,0,44.26764,-72.562598
484714,"2014-07-01",1.0341184387617772,0,3.82,0,0.3,0,44.26765,-72.586408
295493,"2014-07-01",0.6190174966352631,0,1.78,0,0.1,0,44.267663,-72.585915
477284,"2014-07-01",0.8823553162853318,0,11.22,0,0.04,0,44.267666,-72.570676
844654,"2014-07-01",0.15960969044414533,0,2,0,0.02,0,44.267675,-72.586123
221790,"2014-07-01",0.6799461641991922,0,5.22,0,0.14,0,44.267685,-72.562568
326556,"2014-07-01",0.7954104979811554,0,4.68,0,0.36,0,44.267726,-72.570151
283052,"2014-07-01",0.6623553162853306,0,4.59,0,0.28,0,44.267816,-72.588691
391558,"2014-07-01",0.6689367429340501,0,2.9,0,0.21,0,44.267846,-72.57216
331757,"2014-07-01",0.4477658142664876,0,3.97,0,0.06,0,44.267911,-72.561045
511242,"2014-07-01",0.4205383580080725,0,4.07,0,0.07,0,44.267979,-72.562491
291035,"2014-07-01",0.5089771197846569,0,3.23,0,0.06,0,44.267999,-72.585786
290482,"2014-07-01",0.8690235081374313,0,4.15,0,0,0,44.268088,-72.585726
384918,"2014-07-01",0.17510094212651447,0,0.65,0,0.06,0,44.268198,-72.569885
377488,"2014-07-01",0.4690847913862719,0,4.35,0,0.03,0,44.268206,-72.569336
222533,"2014-07-01",1.1439030955585459,0,7.57,0,0.31,0,44.268274,-72.562603
286024,"2014-07-01",0.402153432032301,0,1.78,0,0.11,0,44.268345,-72.588288
378231,"2014-07-01",1.0067563930013461,0,4.1,0,0.15,0,44.268445,-72.569695
595897,"2014-07-01",1.5024360699865398,0,4.96,0,0.97,0,44.26848,-72.570125
139737,"2014-07-01",1.3989367429340522,0,5.17,0,0.37,0,44.268485,-72.582115
460195,"2014-07-01",0.6820323014804841,0,5.74,0,0.12,0,44.268498,-72.581576
620729,"2014-07-01",0.9523553162853299,0,3.83,0,0.34,0,44.268543,-72.581003
292521,"2014-07-01",0.33539703903095525,0,1.04,0,0.15,0,44.268581,-72.583351
340673,"2014-07-01",0.2842395693135941,0,4.51,0,0.04,0,44.268679,-72.565645
225505,"2014-07-01",0.5859152086137276,0,4.75,0,0,0,44.268719,-72.560021
572864,"2014-07-01",0.7301345895020168,0,4.95,0,0.12,0,44.268816,-72.569946
849855,"2014-07-01",0.5080484522207273,0,4.28,0,0.06,0,44.269036,-72.58491
294750,"2014-07-01",0.27625841184387634,0,4.82,0,0.13,0,44.269106,-72.582275
460938,"2014-07-01",0.24343203230148014,0,1.13,0,0.12,0,44.269243,-72.57013
288253,"2014-07-01",1.765746971736207,0,6.47,0,0.36,0,44.26928,-72.587184
289739,"2014-07-01",1.265921938088829,0,5.78,0,0.46,0,44.269306,-72.587455
563948,"2014-07-01",0.5088290713324378,0,5.61,0,0.1,0,44.269503,-72.58761
684170,"2014-07-01",0.4711305518169567,0,3.95,0,0.18,0,44.269525,-72.58408
293264,"2014-07-01",0.33458950201884236,0,2.21,0,0.12,0,44.269618,-72.583256
555775,"2014-07-01",0.7076581426648708,0,5.32,0,0.01,0,44.269641,-72.565305
378974,"2014-07-01",0.27421265141319107,0,3.33,0,0.07,0,44.269688,-72.57023
379717,"2014-07-01",0.8174158815612366,0,8.14,0,0.16,0,44.269726,-72.570593
76534,"2014-07-01",1.8831224764468357,0,6.44,0,1.04,0,44.269735,-72.580863
729696,"2014-07-01",0.7351816958277274,0.5317765814266486,4.05,2.99,0,0,44.269835,-72.582711
294007,"2014-07-01",0.7919650067294766,0,4.37,0,0.22,0,44.269956,-72.582493
54210,"2014-07-01",0.7005518169582777,0,5.91,0,0.19,0,44.269993,-72.581483
575093,"2014-07-01",0.572772543741588,0,4.63,0,0.14,0,44.270065,-72.591173
468368,"2014-07-01",0.499784656796769,0,1.52,0,0.07,0,44.27016,-72.588055
287510,"2014-07-01",1.0293674293405122,0,5.05,0,0.41,0,44.270263,-72.589676
489172,"2014-07-01",0.6790040376850602,0,6.22,0,0.09,0,44.27045,-72.588261
416164,"2014-07-01",1.0202153432032288,0,5.08,0,0.12,0,44.270516,-72.58214
234421,"2014-07-01",0.47479138627187056,0,3.67,0,0.15,0,44.270521,-72.589336
777243,"2014-07-01",0.594454912516823,0.705693135935397,4.44,3.58,0,0,44.270633,-72.590076
266706,"2014-07-01",0.5612920592193806,0,3.27,0,0.06,0,44.2707,-72.589061
267449,"2014-07-01",0.20131897711978503,0,3.15,0,0.08,0,44.27077,-72.588703
226248,"2014-07-01",0.3172139973082103,0,3.57,0,0.08,0,44.270888,-72.557715
54953,"2014-07-01",0.2494885598923289,0,3.08,0,0.09,0,44.27092,-72.59107
248131,"2014-07-01",0.5263257065948854,0,3.45,0,0.12,0,44.27094,-72.527753
31920,"2014-07-01",0.33798115746971685,0,5.44,0,0,0,44.27098,-72.588068
245902,"2014-07-01",2.120995962314938,0,8.72,0,0.79,0,44.271006,-72.455678
156826,"2014-07-01",0.5309084791386285,0,4.01,0,0.1,0,44.271026,-72.588225
268192,"2014-07-01",0.6452893674293411,0,3.63,0,0.23,0,44.271096,-72.58846
245159,"2014-07-01",0.530484522207268,0,4.86,0,0.2,0,44.27117,-72.590518
395226,"2014-07-01",0.6203903095558543,0,6.08,0,0.1,0,44.2712,-72.571196
274136,"2014-07-01",0.38534320323014815,0,2.75,0,0.14,0,44.271236,-72.587131
396712,"2014-07-01",0.70306864064603,0,3.77,0,0.07,0,44.271286,-72.570935
83269,"2014-07-01",0.7119336025123383,0,3.95,0,0.04,0,44.271311,-72.57086
69813,"2014-07-01",0.11841184387617812,0,1,0,0.01,0,44.271445,-72.587113
649176,"2014-07-01",0.8924495289367406,0,6.09,0,0.22,0,44.27146,-72.586378
352561,"2014-07-01",0.3413324360699859,0,3.26,0,0.11,0,44.271609,-72.589291
249617,"2014-07-01",0.985477792732167,0,4.88,0,0.58,0,44.271766,-72.588983
226991,"2014-07-01",1.5705652759084787,0,3.93,0,0.85,0,44.271786,-72.557224
647690,"2014-07-01",1.6810901749663514,0,6.47,0,0.22,0,44.27182,-72.58646
185803,"2014-07-01",0.32619111709286724,0,2.55,0,0.09,0,44.272156,-72.589194
269678,"2014-07-01",0.47126514131897723,0,3.24,0,0.22,0,44.272171,-72.589763
980467,"2014-07-28",0.2604166666666667,0,0.83,0,0.03,0,44.272411,-72.488085
814718,"2014-07-01",0.3033378196500668,0,3.72,0,0.12,0,44.272571,-72.586291
982792,"2014-07-01",0.4910080645161287,0,4.82,0,0.03,0,44.272756,-72.589501
758673,"2014-07-01",0.5515343203230152,0,4.15,0,0.14,0,44.273218,-72.548285
274879,"2014-07-01",0.9724226110363398,0,4.49,0,0.27,0,44.273318,-72.58877
398941,"2014-07-01",2.600417227456258,0,7.55,0,1.49,0,44.273376,-72.573056
271164,"2014-07-01",0.5297981157469717,0,3.12,0,0.11,0,44.273401,-72.587376
339187,"2014-07-01",0.26752355316285364,0,2.66,0,0.03,0,44.273433,-72.565421
272650,"2014-07-01",0.7870121130551818,0,4.64,0,0.21,0,44.273438,-72.587236
275622,"2014-07-01",0.7751816958277252,0,4.26,0,0.25,0,44.273691,-72.588525
536504,"2014-07-01",1.1142664872139965,0,5.16,0,0.74,0,44.273738,-72.55395
566177,"2014-07-01",0.2642799461641992,0,1.32,0,0.05,0,44.274015,-72.570163
332500,"2014-07-01",0.2766756393001345,0,2.77,0,0.03,0,44.274141,-72.569948
1007027,"2014-07-01",1.0501615074024238,0,5.28,0,0.39,0,44.274143,-72.589366
976704,"2014-07-01",0.27617765814266654,0,1.68,0,0.04,0,44.274471,-72.589003
173172,"2014-07-01",0.5076985195154775,0,5.05,0,0,0,44.274804,-72.490196
832766,"2014-07-01",0.8368371467025566,0,3.8,0,0.23,0,44.274826,-72.589483
1028862,"2014-07-31",0.10458333333333332,0,0.21,0,0.01,0,44.274828,-72.569903
400427,"2014-07-01",0.9743472409152077,0,4.34,0,0.18,0,44.275118,-72.572923
478027,"2014-07-01",1.2779946164199172,0,4.82,0,0.83,0,44.275538,-72.575408
399684,"2014-07-01",0.6900134589502027,0,3.96,0,0.16,0,44.275903,-72.59276
576579,"2014-07-01",0.5347240915208614,0,4.57,0,0.2,0,44.27599,-72.575045
401913,"2014-07-01",0.6942799461641992,0,3.97,0,0.17,0,44.276035,-72.57599
897696,"2014-07-01",0.4490309555854653,0,4.87,0,0.05,0,44.276072,-72.573821
276365,"2014-07-01",0.7172005383580088,0,4.99,0,0.25,0,44.276098,-72.593008
837967,"2014-07-01",1.3744818304172277,0,4.48,0,0.6,0,44.276363,-72.575838
376745,"2014-07-01",0.7214401076716013,0,2.93,0,0.2,0,44.276498,-72.573801
401170,"2014-07-01",1.020026917900403,0,6,0,0.25,0,44.276665,-72.575994
277851,"2014-07-01",0.8544279946164198,0,6.92,0,0.27,0,44.27701,-72.592191
970760,"2014-07-01",0.5425437415881569,0,4.11,0,0,0,44.27735,-72.430003
615935,"2014-07-01",0.18214285714285702,0,1.74,0,0,0,44.277396,-72.422206
614664,"2014-07-01",0.17090909090909037,0,1.3,0,0,0,44.2774,-72.422198
615192,"2014-07-01",1.1324091520861386,0,5.47,0,0,0,44.277431,-72.422215
454251,"2014-07-01",0.10502018842530299,0,1.96,0,0,0,44.277856,-72.424681
604070,"2014-07-01",0.2939300134589507,0,3.34,0,0,0,44.277895,-72.424273
963329,"2014-07-01",0.5294616419919248,0,5.22,0,0.18,0,44.278225,-72.574093
492667,"2014-07-01",0.9445625841184381,0,7.57,0,0.17,0,44.278361,-72.617593
265963,"2014-07-01",0.015679676985194926,0,0.02,0,0,0,44.278881,-72.423921
402656,"2014-07-01",1.5822929936305734,0,3.77,0,0.67,0,44.279238,-72.57562
1024404,"2014-07-01",0.048008075370121334,0,0.15,0,0.01,0,44.279358,-72.593788
433662,"2014-07-01",0.785437415881562,0,2.89,0,0.04,0,44.280026,-72.470406
568406,"2014-07-01",0.6184791386271868,0.6095558546433381,5.23,3.12,0.09,0,44.280333,-72.593705
280080,"2014-07-01",1.0572139973082118,0,5.43,0,0.23,0,44.28161,-72.591403
278594,"2014-07-01",1.170457604306864,0,5.77,0,0.34,0,44.282233,-72.594538
279337,"2014-07-01",1.1039569313593527,0,5.05,0,0.2,0,44.282438,-72.591026
339930,"2014-07-01",0.28399730820995933,0,1.24,0,0,0,44.283837,-72.532817
402813,"2014-07-01",0.9065141318977116,0,3.76,0,0.33,0,44.284173,-72.575568
437905,"2014-07-01",0.4067025572005379,0,3.5,0,0.12,0,44.285864,-72.57716
403556,"2014-07-01",1.0052489905787358,0,5.49,0,0.2,0,44.286006,-72.577743
558747,"2014-07-01",0.9883714670255737,0,7.24,0,0.08,0,44.286051,-72.60762
404299,"2014-07-01",0.7738223418573354,0.7888290713324361,5.45,3.59,0.15,0,44.286406,-72.57666
265220,"2014-07-01",0.7604576043068624,0,4.9,0,0,0,44.286475,-72.44434
625930,"2014-07-01",0.503876177658145,0,6.5,0,0.12,0,44.286539,-72.544065
1043375,"2014-07-01",0.5558815612382231,0,3.7,0,0.13,0,44.288293,-72.578766
539476,"2014-07-01",0.5043876177658142,0,1.87,0,0.25,0,44.288476,-72.544565
405042,"2014-07-01",0.6348586810228806,1.0506864064602948,3.51,4.81,0.27,0,44.291901,-72.578876
608528,"2014-07-01",1.4530686406460283,0,6.18,0,0.31,0,44.293968,-72.579753
607785,"2014-07-01",0.00017496635262449528,0,0.05,0,0,0,44.29435,-72.579798
349589,"2014-07-01",0.06343203230148052,0,0.5,0,0,0,44.294551,-72.680808
678249,"2014-07-01",0.8860026917900399,0,5.13,0,0.12,0,44.295443,-72.580285
514214,"2014-07-01",0.517510094212651,0,4.7,0,0.15,0,44.296321,-72.579911
405785,"2014-07-01",0.33240915208613686,0,2.84,0,0.11,0,44.297851,-72.579951
406528,"2014-07-01",0.3717227456258409,0,4.99,0,0.05,0,44.299213,-72.579855
719091,"2014-07-01",0.4408075370121135,0,3.05,0,0.24,0,44.29959,-72.579368
444592,"2014-07-01",1.294104979811573,0,7.24,0,0.45,0,44.302286,-72.579391
627416,"2014-07-01",0.40981157469717294,0,4.08,0,0,0,44.30258,-72.429365
696801,"2014-07-01",0.2835800807537007,0,1.76,0,0.08,0,44.302821,-72.579313
452765,"2014-07-01",0.7485329744279939,0.8515343203230158,2.27,3.84,0.31,0,44.302976,-72.578784
407271,"2014-07-01",1.216029609690444,0,7.41,0,0.26,0,44.303077,-72.57885
408014,"2014-07-01",0.3218707940780628,0,3.67,0,0.08,0,44.303456,-72.57976
409500,"2014-07-01",0.854872139973081,0,8.26,0,0.1,0,44.303601,-72.579881
408757,"2014-07-01",1.5301480484522219,0,7.12,0,0.19,0,44.303834,-72.57988
640260,"2014-07-01",1.4871063257065955,0,8.52,0,0.14,0,44.308843,-72.576223
512728,"2014-07-01",0.868209959623149,0,3.05,0,0.25,0,44.309183,-72.57748
353304,"2014-07-01",0.47855989232839813,0,5.87,0,0,0,44.317925,-72.577403
804734,"2014-07-01",0.3731628532974422,0,1.6,0,0.1,0,44.321075,-72.760924
354790,"2014-07-01",0.11454912516823686,0,1.7,0,0,0,44.32148,-72.578731
173915,"2014-07-01",2.249259757738894,0,7.25,0,0,0,44.323514,-72.444601
521644,"2014-07-01",0.34569313593539747,0,1.46,0,0.06,0,44.32354,-72.742833
499354,"2014-07-01",0.4673351278600278,0,3.81,0,0.05,0,44.328913,-73.105858
629645,"2014-07-01",0.1802826379542394,0,1.31,0,0.04,0,44.332105,-72.750846
632617,"2014-07-01",0.3362449528936744,0,3.1,0,0.04,0,44.332111,-72.750836
72603,"2014-07-01",1.336203703703706,0,5.38,0,0.16,0,44.337411,-72.75228
612986,"2014-07-01",0.6497577388963666,0,5.46,0,0,0,44.338808,-72.757145
687885,"2014-07-01",0.20693135935397086,0,2.46,0,0,0,44.339016,-72.754715
260762,"2014-07-01",0.3795020188425303,0,1.88,0,0,0,44.343056,-72.74714
261505,"2014-07-01",0.37293405114401074,0,2.12,0,0,0,44.343836,-72.746971
834995,"2014-07-01",0.8997173620457607,0,6.04,0,0,0,44.351156,-72.353091
726244,"2014-07-01",0.5517900403768501,0,5.56,0,0,0,44.351421,-72.351986
684913,"2014-07-01",0.46596231493943485,0,4.54,0,0,0,44.352326,-72.445233
783187,"2014-07-01",0.5187752355316279,0,4.26,0,0,0,44.359205,-72.80071
270421,"2014-07-01",1.3106998654105015,0,5.87,0,0.42,0,44.363355,-72.685411
728473,"2014-07-01",0.13893749999999988,0,1.06,0,0,0,44.364936,-72.430323
734154,"2014-07-01",0.5264333781964997,0,5.2,0,0.07,0,44.371183,-73.225073
743813,"2014-07-01",0.4916150740242258,0,2.39,0,0.17,0,44.380606,-72.549918
631874,"2014-07-01",1.5312516823687738,0,2.62,0,0.73,0,44.389106,-72.719688
367421,"2014-07-01",0.11718707940780576,0,2.39,0,0,0,44.392425,-72.736821
903640,"2014-07-01",2.8002564102564103,0,7.1,0,1.26,0,44.40262,-72.995978
871402,"2014-07-01",0.28012113055181603,0,5.23,0,0.07,0,44.402635,-71.87611
688628,"2014-07-01",0.4077119784656799,0,1.32,0,0.15,0,44.404403,-72.302348
357019,"2014-07-01",0.391224764468372,0,1.32,0,0.01,0,44.406606,-72.689978
357762,"2014-07-01",0.5043203230148056,0,2.9,0,0.21,0,44.406996,-72.68946
351075,"2014-07-01",0.995746971736206,0,3.23,0,0.4,0,44.408898,-72.949535
749757,"2014-07-01",0.2799596231493942,0,4.12,0,0.09,0,44.418063,-72.999863
422612,"2014-07-01",0.7906998654104983,0,1.81,0,0.14,0,44.460028,-73.157114
918409,"2014-07-01",0.6558411843876175,0,3.73,0,0.27,0,44.470338,-73.109013
244823,"2014-07-01",0.06229166666666676,0,0.12,0,0.04,0,44.470843,-73.162189
809192,"2014-07-01",0.8478899082568809,0,4.67,0,0.22,0,44.480935,-73.178001
886551,"2014-07-01",0.02368775235531603,0,0.03,0,0,0,44.484555,-73.094864
657349,"2014-07-01",1.6650067294751012,0,6.82,0,0,0,44.48895,-73.052963
716119,"2014-07-01",0.9545491251682359,0,5.34,0,0.22,0,44.489086,-73.161156
753472,"2014-07-01",0.5299865410497974,0,2.32,0,0.15,0,44.489173,-73.160988
511985,"2014-07-01",0.5388156123822349,0,4.5,0,0.04,0,44.490207,-73.18749
554289,"2014-07-01",0.6561507402422607,0,1.51,0,0.13,0,44.490374,-73.186798
895467,"2014-07-01",0.498681022880215,0,3.58,0,0.11,0,44.49065,-73.183291
80992,"2014-07-01",1.2861372812920595,0,5.21,0,0,0,44.490688,-73.058168
421365,"2014-07-01",0.1046626984126984,0,2.05,0,0,0,44.490892,-73.18937
759705,"2014-07-01",0.12804347826086948,0,2.59,0,0.03,0,44.491011,-73.108993
546116,"2014-07-01",0.5287886944818302,0,5.78,0,0.09,0,44.494216,-73.189616
803991,"2014-07-01",0.946002691790042,0,5.97,0,0.21,0,44.49447,-73.187865
910366,"2014-07-01",0.15334699453551956,0,0.22,0,0.02,0,44.497298,-73.10052
233678,"2014-07-01",0.8541453566621792,0,4.88,0,0.23,0,44.500363,-73.199615
904422,"2014-07-01",0.046339165545087366,0,0.67,0,0,0,44.505603,-73.06054
376002,"2014-07-01",0.19450874831763135,0,2.51,0,0,0,44.506998,-73.14713
911841,"2014-07-01",1.5264199192462995,0,3.61,0,0,0,44.516641,-73.150709
754958,"2014-07-01",0.5118034993270525,0,4.65,0,0,0,44.542171,-73.256681
1041146,"2014-07-01",0.49718707940780704,0,6.13,0,0,0,44.545818,-73.292131
961100,"2014-07-01",0.10897711978465685,0,1.92,0,0,0,44.812828,-73.101053
